Time,Queue Density
0,1
0.0666667,0.0732687
0.133333,0.0724536
0.2,0.0734646
0.266667,0.0770738
0.333333,0.083477
0.4,0.0872508
0.466667,0.0940459
0.533333,0.0991246
0.6,0.100108
0.666667,0.10231
0.733333,0.104286
0.8,0.104967
0.866667,0.106774
0.933333,0.108412
1,0.108334
1.06667,0.109697
1.13333,0.110798
1.2,0.11148
1.26667,0.112793
1.33333,0.113067
1.4,0.11402
1.46667,0.114717
1.53333,0.116304
1.6,0.117304
1.66667,0.119561
1.73333,0.122167
1.8,0.123495
1.86667,0.12585
1.93333,0.127222
2,0.127461
2.06667,0.128582
2.13333,0.129863
2.2,0.130212
2.26667,0.130404
2.33333,0.130447
2.4,0.13098
2.46667,0.131341
2.53333,0.132403
2.6,0.133108
2.66667,0.133186
2.73333,0.134393
2.8,0.134891
2.86667,0.13582
2.93333,0.136674
3,0.138002
3.06667,0.138269
3.13333,0.138332
3.2,0.13859
3.26667,0.139354
3.33333,0.139613
3.4,0.140432
3.46667,0.141514
3.53333,0.142936
3.6,0.143971
3.66667,0.145683
3.73333,0.146628
3.8,0.147129
3.86667,0.147533
3.93333,0.147803
4,0.148164
4.06667,0.147854
4.13333,0.146255
4.2,0.144954
4.26667,0.144061
4.33333,0.142662
4.4,0.142724
4.46667,0.142568
4.53333,0.142615
4.6,0.142548
4.66667,0.141608
4.73333,0.142713
4.8,0.143798
4.86667,0.144852
4.93333,0.145742
5,0.14546
5.06667,0.146694
5.13333,0.147807
5.2,0.149316
5.26667,0.152086
5.33333,0.155923
5.4,0.157283
5.46667,0.159736
5.53333,0.165257
5.6,0.168122
5.66667,0.173745
5.73333,0.179572
5.8,0.182943
5.86667,0.189836
5.93333,0.19598
6,0.198817
6.06667,0.204754
6.13333,0.207152
6.2,0.208034
6.26667,0.20901
6.33333,0.210421
6.4,0.211612
6.46667,0.2126
6.53333,0.214144
6.6,0.213924
6.66667,0.214375
6.73333,0.214614
6.8,0.214226
6.86667,0.214018
6.93333,0.213552
7,0.21327
7.06667,0.21278
7.13333,0.215927
7.2,0.216804
7.26667,0.220257
7.33333,0.224187
7.4,0.22606
7.46667,0.229356
7.53333,0.233095
7.6,0.235085
7.66667,0.239094
7.73333,0.242264
7.8,0.243009
7.86667,0.243072
7.93333,0.243264
8,0.241069
8.06667,0.242033
8.13333,0.2421
8.2,0.241622
8.26667,0.242398
8.33333,0.243064
8.4,0.243283
8.46667,0.243201
8.53333,0.243938
8.6,0.245019
8.66667,0.246175
8.73333,0.247155
8.8,0.247849
8.86667,0.249937
8.93333,0.251497
9,0.25272
9.06667,0.255396
9.13333,0.25723
9.2,0.25857
9.26667,0.259942
9.33333,0.261486
9.4,0.261451
9.46667,0.261858
9.53333,0.261694
9.6,0.261964
9.66667,0.261635
9.73333,0.260604
9.8,0.260702
9.86667,0.259139
9.93333,0.25763
10,0.256787
10.0667,0.255851
10.1333,0.254667
10.2,0.253887
10.2667,0.253209
10.3333,0.252155
10.4,0.251278
10.4667,0.249154
10.5333,0.24692
10.6,0.246179
10.6667,0.244588
10.7333,0.244267
10.8,0.243205
10.8667,0.242288
10.9333,0.240638
11,0.240626
11.0667,0.24018
11.1333,0.239643
11.2,0.23951
11.2667,0.238781
11.3333,0.237738
11.4,0.23746
11.4667,0.236672
11.5333,0.235763
11.6,0.235759
11.6667,0.235493
11.7333,0.235571
11.8,0.23536
11.8667,0.235171
11.9333,0.23467
12,0.23494
12.0667,0.23465
12.1333,0.234349
12.2,0.234211
12.2667,0.234086
12.3333,0.233353
12.4,0.233439
12.4667,0.232593
12.5333,0.232358
12.6,0.232526
12.6667,0.232115
12.7333,0.232358
12.8,0.232154
12.8667,0.231754
12.9333,0.231786
13,0.234
13.0667,0.234443
13.1333,0.234462
13.2,0.234556
13.2667,0.234568
13.3333,0.23445
13.4,0.234396
13.4667,0.23438
13.5333,0.234733
13.6,0.234803
13.6667,0.235164
13.7333,0.234819
13.8,0.23465
13.8667,0.234396
13.9333,0.234407
14,0.234529
14.0667,0.234968
14.1333,0.234972
14.2,0.234866
14.2667,0.234403
14.3333,0.234325
14.4,0.234055
14.4667,0.233784
14.5333,0.233725
14.6,0.234039
14.6667,0.234207
14.7333,0.234204
14.8,0.233949
14.8667,0.233961
14.9333,0.233655
15,0.233537
15.0667,0.233412
15.1333,0.233486
15.2,0.233553
15.2667,0.233169
15.3333,0.233283
15.4,0.233243
15.4667,0.233306
15.5333,0.233577
15.6,0.233565
15.6667,0.233902
15.7333,0.23411
15.8,0.234027
15.8667,0.233526
15.9333,0.232808
16,0.231923
16.0667,0.231919
16.1333,0.233181
16.2,0.233091
16.2667,0.233655
16.3333,0.232444
16.4,0.232491
16.4667,0.233087
16.5333,0.233106
16.6,0.232812
16.6667,0.232389
16.7333,0.232475
16.8,0.232174
16.8667,0.231672
16.9333,0.231484
17,0.231707
17.0667,0.231856
17.1333,0.231942
17.2,0.231794
17.2667,0.232119
17.3333,0.232181
17.4,0.232158
17.4667,0.231602
17.5333,0.232056
17.6,0.231993
17.6667,0.232048
17.7333,0.232103
17.8,0.232036
17.8667,0.231911
17.9333,0.231966
18,0.23054
18.0667,0.230489
18.1333,0.230414
18.2,0.230449
18.2667,0.23059
18.3333,0.230982
18.4,0.231488
18.4667,0.232456
18.5333,0.233181
18.6,0.23349
18.6667,0.234772
18.7333,0.236437
18.8,0.237378
18.8667,0.239028
18.9333,0.241187
19,0.241876
19.0667,0.243565
19.1333,0.243236
19.2,0.242676
19.2667,0.241426
19.3333,0.239635
19.4,0.239039
19.4667,0.237711
19.5333,0.236433
19.6,0.235767
19.6667,0.235101
19.7333,0.233526
19.8,0.232836
19.8667,0.231261
19.9333,0.229897
20,0.229481
20.0667,0.228427
20.1333,0.227542
20.2,0.227224
20.2667,0.227405
20.3333,0.227691
20.4,0.227812
20.4667,0.228098
20.5333,0.228804
20.6,0.229309
20.6667,0.229235
20.7333,0.230163
20.8,0.229948
20.8667,0.229826
20.9333,0.231598
21,0.232154
21.0667,0.232679
21.1333,0.232421
21.2,0.232095
21.2667,0.231668
21.3333,0.232844
21.4,0.23293
21.4667,0.232758
21.5333,0.23284
21.6,0.232793
21.6667,0.233051
21.7333,0.233028
21.8,0.23284
21.8667,0.232777
21.9333,0.232777
22,0.232683
22.0667,0.232711
22.1333,0.232283
22.2,0.232236
22.2667,0.232597
22.3333,0.232569
22.4,0.232554
22.4667,0.232268
22.5333,0.23233
22.6,0.232613
22.6667,0.233435
22.7333,0.235234
22.8,0.236151
22.8667,0.237272
22.9333,0.238698
23,0.240481
23.0667,0.241876
23.1333,0.24201
23.2,0.242558
23.2667,0.242484
23.3333,0.242127
23.4,0.2413
23.4667,0.24101
23.5333,0.240932
23.6,0.240505
23.6667,0.240262
23.7333,0.240575
23.8,0.240575
23.8667,0.240474
23.9333,0.240317
24,0.240325
24.0667,0.24063
24.1333,0.24065
24.2,0.240595
24.2667,0.240619
24.3333,0.240626
24.4,0.240591
24.4667,0.240791
24.5333,0.240501
24.6,0.240638
24.6667,0.239819
24.7333,0.239992
24.8,0.240011
24.8667,0.240042
24.9333,0.239897
25,0.239803
25.0667,0.239533
25.1333,0.238984
25.2,0.2388
25.2667,0.23835
25.3333,0.237997
25.4,0.237969
25.4667,0.238749
25.5333,0.240039
25.6,0.241257
25.6667,0.243926
25.7333,0.246595
25.8,0.247163
25.8667,0.249107
25.9333,0.251865
26,0.25297
26.0667,0.254346
26.1333,0.256086
26.2,0.256552
26.2667,0.257156
26.3333,0.259895
26.4,0.26024
26.4667,0.260784
26.5333,0.261392
26.6,0.261858
26.6667,0.261791
26.7333,0.262285
26.8,0.262454
26.8667,0.262846
26.9333,0.264844
27,0.265593
27.0667,0.268594
27.1333,0.27227
27.2,0.274371
27.2667,0.278909
27.3333,0.283074
27.4,0.286111
27.4667,0.291793
27.5333,0.298071
27.6,0.300564
27.6667,0.307073
27.7333,0.313084
27.8,0.31618
27.8667,0.322242
27.9333,0.327568
28,0.32984
28.0667,0.33499
28.1333,0.341252
28.2,0.344352
28.2667,0.351774
28.3333,0.359646
28.4,0.362648
28.4667,0.370105
28.5333,0.37652
28.6,0.379683
28.6667,0.386443
28.7333,0.392842
28.8,0.395852
28.8667,0.402627
28.9333,0.409187
29,0.412475
29.0667,0.418008
29.1333,0.421892
29.2,0.423467
29.2667,0.42679
29.3333,0.431857
29.4,0.432625
29.4667,0.436379
29.5333,0.439134
29.6,0.440886
29.6667,0.446834
29.7333,0.45129
29.8,0.452517
29.8667,0.456404
29.9333,0.460577
30,0.461369
30.0667,0.465605
30.1333,0.468936
30.2,0.470037
30.2667,0.472667
30.3333,0.476531
30.4,0.476586
30.4667,0.478925
30.5333,0.480904
30.6,0.481864
30.6667,0.482597
30.7333,0.483945
30.8,0.48407
30.8667,0.485124
30.9333,0.485477
31,0.486018
31.0667,0.487002
31.1333,0.487437
31.2,0.486696
31.2667,0.488318
31.3333,0.493252
31.4,0.49342
31.4667,0.493264
31.5333,0.493534
31.6,0.493048
31.6667,0.494271
31.7333,0.493773
31.8,0.493009
31.8667,0.493707
31.9333,0.493765
32,0.493844
32.0667,0.494138
32.1333,0.494208
32.2,0.493667
32.2667,0.494855
32.3333,0.495654
32.4,0.495493
32.4667,0.49545
32.5333,0.495235
32.6,0.494796
32.6667,0.494349
32.7333,0.495043
32.8,0.494933
32.8667,0.495693
32.9333,0.495341
33,0.497633
33.0667,0.497402
33.1333,0.498237
33.2,0.497284
33.2667,0.501117
33.3333,0.505851
33.4,0.507453
33.4667,0.512889
33.5333,0.518089
33.6,0.520946
33.6667,0.526467
33.7333,0.533713
33.8,0.536758
33.8667,0.541574
33.9333,0.545653
34,0.547456
34.0667,0.548812
34.1333,0.550234
34.2,0.550822
34.2667,0.552582
34.3333,0.554247
34.4,0.554749
34.4667,0.557731
34.5333,0.560639
34.6,0.562038
34.6667,0.572418
34.7333,0.574691
34.8,0.576372
34.8667,0.579002
34.9333,0.582619
35,0.58403
35.0667,0.586342
35.1333,0.587215
35.2,0.58814
35.2667,0.589465
35.3333,0.59017
35.4,0.590441
35.4667,0.590644
35.5333,0.590288
35.6,0.590774
35.6667,0.591816
35.7333,0.591565
35.8,0.591275
35.8667,0.591714
35.9333,0.592796
36,0.593074
36.0667,0.59171
36.1333,0.592929
36.2,0.59396
36.2667,0.593035
36.3333,0.59394
36.4,0.594301
36.4667,0.59385
36.5333,0.593145
36.6,0.592604
36.6667,0.591734
36.7333,0.590793
36.8,0.590621
36.8667,0.590762
36.9333,0.588897
37,0.588254
37.0667,0.588031
37.1333,0.587227
37.2,0.586236
37.2667,0.585605
37.3333,0.585636
37.4,0.585146
37.4667,0.584594
37.5333,0.584249
37.6,0.583606
37.6667,0.582936
37.7333,0.582203
37.8,0.582364
37.8667,0.582615
37.9333,0.584586
38,0.583469
38.0667,0.585519
38.1333,0.587494
38.2,0.58805
38.2667,0.590688
38.3333,0.592886
38.4,0.59421
38.4667,0.596456
38.5333,0.599125
38.6,0.601053
38.6667,0.603792
38.7333,0.60646
38.8,0.607965
38.8667,0.610528
38.9333,0.61304
39,0.614686
39.0667,0.617492
39.1333,0.619561
39.2,0.621175
39.2667,0.624412
39.3333,0.627238
39.4,0.628688
39.4667,0.630929
39.5333,0.637179
39.6,0.639092
39.6667,0.650158
39.7333,0.659379
39.8,0.66338
39.8667,0.66862
39.9333,0.674286
40,0.677492
40.0667,0.680517
40.1333,0.684208
40.2,0.685047
40.2667,0.688797
40.3333,0.691105
40.4,0.692148
40.4667,0.699613
40.5333,0.70459
40.6,0.706525
40.6667,0.711385
40.7333,0.71412
40.8,0.71479
40.8667,0.716883
40.9333,0.719704
41,0.720899
41.0667,0.723074
41.1333,0.724642
41.2,0.725739
41.2667,0.727389
41.3333,0.73304
41.4,0.733232
41.4667,0.733616
41.5333,0.734333
41.6,0.734631
41.6667,0.735528
41.7333,0.734889
41.8,0.734568
41.8667,0.734372
41.9333,0.735407
42,0.736022
42.0667,0.737746
42.1333,0.739173
42.2,0.73871
42.2667,0.739294
42.3333,0.738992
42.4,0.739384
42.4667,0.739408
42.5333,0.73929
42.6,0.738933
42.6667,0.738933
42.7333,0.738718
42.8,0.738009
42.8667,0.738832
42.9333,0.739796
43,0.742664
43.0667,0.744
43.1333,0.744498
43.2,0.745348
43.2667,0.746555
43.3333,0.746959
43.4,0.747018
43.4667,0.747437
43.5333,0.748672
43.6,0.749173
43.6667,0.750141
43.7333,0.75049
43.8,0.751207
43.8667,0.752191
43.9333,0.752724
44,0.752884
44.0667,0.754797
44.1333,0.756325
44.2,0.757183
44.2667,0.758512
44.3333,0.759581
44.4,0.760788
44.4667,0.761733
44.5333,0.763457
44.6,0.764009
44.6667,0.764781
44.7333,0.76555
44.8,0.766259
44.8667,0.766392
44.9333,0.766984
45,0.766514
45.0667,0.767286
45.1333,0.767885
45.2,0.76821
45.2667,0.768755
45.3333,0.769225
45.4,0.769774
45.4667,0.770432
45.5333,0.771091
45.6,0.771678
45.6667,0.771878
45.7333,0.772368
45.8,0.77191
45.8667,0.772474
45.9333,0.77256
46,0.772897
46.0667,0.773011
46.1333,0.773422
46.2,0.773505
46.2667,0.773963
46.3333,0.776346
46.4,0.776628
46.4667,0.776173
46.5333,0.776283
46.6,0.77593
46.6667,0.776357
46.7333,0.776326
46.8,0.776346
46.8667,0.77691
46.9333,0.777255
47,0.777282
47.0667,0.777811
47.1333,0.777725
47.2,0.778144
47.2667,0.778344
47.3333,0.778615
47.4,0.779026
47.4667,0.779101
47.5333,0.779653
47.6,0.780308
47.6667,0.780319
47.7333,0.780645
47.8,0.780884
47.8667,0.781295
47.9333,0.781773
48,0.790469
48.0667,0.78992
48.1333,0.79014
48.2,0.789799
48.2667,0.78934
48.3333,0.789379
48.4,0.789191
48.4667,0.789062
48.5333,0.789191
48.6,0.788921
48.6667,0.788901
48.7333,0.788756
48.8,0.789552
48.8667,0.78916
48.9333,0.789399
49,0.789423
49.0667,0.789387
49.1333,0.789372
49.2,0.789407
49.2667,0.789383
49.3333,0.789258
49.4,0.78956
49.4667,0.789497
49.5333,0.789748
49.6,0.789787
49.6667,0.796339
49.7333,0.796821
49.8,0.797048
49.8667,0.797593
49.9333,0.798541
50,0.798859
50.0667,0.799333
50.1333,0.799568
50.2,0.799803
50.2667,0.800046
50.3333,0.799705
50.4,0.799721
50.4667,0.799631
50.5333,0.799654
50.6,0.799995
50.6667,0.799815
50.7333,0.801018
50.8,0.801496
50.8667,0.802495
50.9333,0.802503
51,0.80393
51.0667,0.804521
51.1333,0.804905
51.2,0.805141
51.2667,0.804882
51.3333,0.818844
51.4,0.818641
51.4667,0.819181
51.5333,0.819475
51.6,0.819589
51.6667,0.81982
51.7333,0.820357
51.8,0.820377
51.8667,0.819989
51.9333,0.819652
52,0.81966
52.0667,0.819095
52.1333,0.818837
52.2,0.818421
52.2667,0.818225
52.3333,0.818429
52.4,0.818178
52.4667,0.818566
52.5333,0.81752
52.6,0.817332
52.6667,0.816775
52.7333,0.816372
52.8,0.816517
52.8667,0.81596
52.9333,0.814789
53,0.811089
53.0667,0.811027
53.1333,0.811109
53.2,0.811391
53.2667,0.810705
53.3333,0.809639
53.4,0.808632
53.4667,0.807206
53.5333,0.806159
53.6,0.806461
53.6667,0.805544
53.7333,0.805235
53.8,0.805007
53.8667,0.804514
53.9333,0.804717
54,0.805078
54.0667,0.806132
54.1333,0.807927
54.2,0.811081
54.2667,0.818774
54.3333,0.823347
54.4,0.8258
54.4667,0.830119
54.5333,0.838748
54.6,0.840096
54.6667,0.875603
54.7333,0.874855
54.8,0.874349
54.8667,0.88263
54.9333,0.886157
55,0.887736
55.0667,0.891408
55.1333,0.893673
55.2,0.894206
55.2667,0.894825
55.3333,0.895616
55.4,0.896224
55.4667,0.897415
55.5333,0.897678
55.6,0.89745
55.6667,0.897407
55.7333,0.89729
55.8,0.897447
55.8667,0.897921
55.9333,0.897976
56,0.898211
56.0667,0.898297
56.1333,0.8989
56.2,0.899053
56.2667,0.899461
56.3333,0.906401
56.4,0.905946
56.4667,0.906585
56.5333,0.906573
56.6,0.90633
56.6667,0.906511
56.7333,0.906609
56.8,0.906565
56.8667,0.906589
56.9333,0.906342
57,0.905762
57.0667,0.905574
57.1333,0.905715
57.2,0.905598
57.2667,0.905406
57.3333,0.905257
57.4,0.905253
57.4667,0.905092
57.5333,0.905057
57.6,0.90519
57.6667,0.905535
57.7333,0.9055
57.8,0.905425
57.8667,0.905163
57.9333,0.905006
58,0.906362
58.0667,0.906707
58.1333,0.907126
58.2,0.906946
58.2667,0.907114
58.3333,0.907134
58.4,0.907087
58.4667,0.907079
58.5333,0.906973
58.6,0.906934
58.6667,0.906319
58.7333,0.906264
58.8,0.906217
58.8667,0.906291
58.9333,0.906244
59,0.90671
59.0667,0.906754
59.1333,0.906836
59.2,0.906977
59.2667,0.906565
59.3333,0.906526
59.4,0.906185
59.4667,0.905903
59.5333,0.905746
59.6,0.905515
59.6667,0.905793
59.7333,0.905872
59.8,0.905927
59.8667,0.905919
59.9333,0.905609
60,0.905648
60.0667,0.905594
60.1333,0.905139
60.2,0.90604
60.2667,0.906095
60.3333,0.906326
60.4,0.905931
60.4667,0.906499
60.5333,0.906311
60.6,0.905978
60.6667,0.905982
60.7333,0.90597
60.8,0.905699
60.8667,0.90566
60.9333,0.906025
61,0.906119
61.0667,0.906362
61.1333,0.906291
61.2,0.906217
61.2667,0.905978
61.3333,0.905966
61.4,0.906087
61.4667,0.906256
61.5333,0.906413
61.6,0.906503
61.6667,0.906522
61.7333,0.906585
61.8,0.906656
61.8667,0.906726
61.9333,0.906765
62,0.904477
62.0667,0.904876
62.1333,0.905217
62.2,0.905323
62.2667,0.905574
62.3333,0.905406
62.4,0.905539
62.4667,0.905523
62.5333,0.905652
62.6,0.905695
62.6667,0.905668
62.7333,0.905237
62.8,0.905104
62.8667,0.904884
62.9333,0.90441
63,0.904371
63.0667,0.904046
63.1333,0.9045
63.2,0.904116
63.2667,0.904602
63.3333,0.904402
63.4,0.904336
63.4667,0.904065
63.5333,0.904289
63.6,0.904112
63.6667,0.905715
63.7333,0.905754
63.8,0.906209
63.8667,0.906174
63.9333,0.906185
64,0.906076
64.0667,0.90586
64.1333,0.905762
64.2,0.90548
64.2667,0.905574
64.3333,0.905601
64.4,0.90586
64.4667,0.905997
64.5333,0.905813
64.6,0.905688
64.6667,0.905496
64.7333,0.905076
64.8,0.904884
64.8667,0.904884
64.9333,0.90519
65,0.904861
65.0667,0.904155
65.1333,0.904175
65.2,0.904007
65.2667,0.903803
65.3333,0.903023
65.4,0.903011
65.4667,0.902686
65.5333,0.90193
65.6,0.901832
65.6667,0.901377
65.7333,0.901561
65.8,0.901479
65.8667,0.901898
65.9333,0.902353
66,0.902231
66.0667,0.903227
66.1333,0.903513
66.2,0.903442
66.2667,0.90383
66.3333,0.903607
66.4,0.903458
66.4667,0.903176
66.5333,0.903509
66.6,0.903956
66.6667,0.903912
66.7333,0.903736
66.8,0.903579
66.8667,0.903603
66.9333,0.903399
67,0.902341
67.0667,0.902608
67.1333,0.902561
67.2,0.9026
67.2667,0.902666
67.3333,0.902623
67.4,0.900523
67.4667,0.901189
67.5333,0.901091
67.6,0.901052
67.6667,0.901455
67.7333,0.901553
67.8,0.900954
67.8667,0.901201
67.9333,0.901256
68,0.901165
68.0667,0.901463
68.1333,0.901354
68.2,0.901158
68.2667,0.901252
68.3333,0.90115
68.4,0.901111
68.4667,0.901416
68.5333,0.901538
68.6,0.901271
68.6667,0.901389
68.7333,0.901726
68.8,0.90164
68.8667,0.901483
68.9333,0.901883
69,0.901777
69.0667,0.901479
69.1333,0.902082
69.2,0.901632
69.2667,0.901193
69.3333,0.901232
69.4,0.901506
69.4667,0.901604
69.5333,0.901428
69.6,0.901444
69.6667,0.901612
69.7333,0.901589
69.8,0.901808
69.8667,0.901495
69.9333,0.901647
70,0.901879
70.0667,0.901922
70.1333,0.901863
70.2,0.901726
70.2667,0.901836
70.3333,0.901714
70.4,0.901792
70.4667,0.901855
70.5333,0.902043
70.6,0.902365
70.6667,0.902866
70.7333,0.899786
70.8,0.899739
70.8667,0.899676
70.9333,0.899363
71,0.899316
71.0667,0.899316
71.1333,0.899473
71.2,0.899535
71.2667,0.899245
71.3333,0.899359
71.4,0.899355
71.4667,0.899888
71.5333,0.899586
71.6,0.899774
71.6667,0.900221
71.7333,0.899845
71.8,0.900252
71.8667,0.900374
71.9333,0.900154
72,0.900013
72.0667,0.900115
72.1333,0.899876
72.2,0.900041
72.2667,0.900472
72.3333,0.900585
72.4,0.900993
72.4667,0.900836
72.5333,0.900777
72.6,0.90104
72.6667,0.901142
72.7333,0.901702
72.8,0.90164
72.8667,0.901687
72.9333,0.90211
73,0.902102
73.0667,0.901628
73.1333,0.901542
73.2,0.90151
73.2667,0.90124
73.3333,0.901632
73.4,0.901389
73.4667,0.901118
73.5333,0.901122
73.6,0.90102
73.6667,0.901064
73.7333,0.900805
73.8,0.900668
73.8667,0.900601
73.9333,0.900672
74,0.901216
74.0667,0.900276
74.1333,0.89977
74.2,0.900339
74.2667,0.900405
74.3333,0.900605
74.4,0.900554
74.4667,0.900719
74.5333,0.900727
74.6,0.900221
74.6667,0.900672
74.7333,0.900734
74.8,0.901326
74.8667,0.901354
74.9333,0.90104
75,0.900515
75.0667,0.901252
75.1333,0.900221
75.2,0.900131
75.2667,0.899998
75.3333,0.899429
75.4,0.899704
75.4667,0.900127
75.5333,0.899755
75.6,0.897787
75.6667,0.900464
75.7333,0.901224
75.8,0.901263
75.8667,0.90191
75.9333,0.902725
76,0.901855
76.0667,0.902137
76.1333,0.901953
76.2,0.901585
76.2667,0.901165
76.3333,0.901401
76.4,0.901679
76.4667,0.900742
76.5333,0.900307
76.6,0.901432
76.6667,0.90102
76.7333,0.900872
76.8,0.902247
76.8667,0.902118
76.9333,0.902451
77,0.90251
77.0667,0.902204
77.1333,0.901769
77.2,0.900719
77.2667,0.89919
77.3333,0.898806
77.4,0.893238
77.4667,0.893238
77.5333,0.892442
77.6,0.891764
77.6667,0.891592
77.7333,0.891126
77.8,0.891459
77.8667,0.892466
77.9333,0.893532
78,0.895256
78.0667,0.894966
78.1333,0.895593
78.2,0.895311
78.2667,0.89553
78.3333,0.896298
78.4,0.896279
78.4667,0.896255
78.5333,0.896451
78.6,0.896937
78.6667,0.896827
78.7333,0.897027
78.8,0.896808
78.8667,0.897215
78.9333,0.897897
79,0.897979
79.0667,0.900535
79.1333,0.900754
79.2,0.900813
79.2667,0.900966
79.3333,0.900864
79.4,0.901177
79.4667,0.901303
79.5333,0.901973
79.6,0.9018
79.6667,0.902419
79.7333,0.902494
79.8,0.902737
79.8667,0.902768
79.9333,0.902921
80,0.902956
80.0667,0.903003
80.1333,0.903517
80.2,0.903148
80.2667,0.903031
80.3333,0.903035
80.4,0.902905
80.4667,0.90296
80.5333,0.903125
80.6,0.903172
80.6667,0.903054
80.7333,0.904355
80.8,0.903862
80.8667,0.903619
80.9333,0.903603
81,0.903611
81.0667,0.902988
81.1333,0.903172
81.2,0.903246
81.2667,0.902713
81.3333,0.902623
81.4,0.902079
81.4667,0.90249
81.5333,0.902122
81.6,0.902208
81.6667,0.902282
81.7333,0.901847
81.8,0.902173
81.8667,0.901279
81.9333,0.901628
82,0.901718
82.0667,0.901691
82.1333,0.901542
82.2,0.901436
82.2667,0.901228
82.3333,0.90113
82.4,0.901722
82.4667,0.901169
82.5333,0.900625
82.6,0.900425
82.6667,0.899951
82.7333,0.89988
82.8,0.899833
82.8667,0.899661
82.9333,0.899445
83,0.89961
83.0667,0.900088
83.1333,0.900683
83.2,0.900448
83.2667,0.899755
83.3333,0.899504
83.4,0.900037
83.4667,0.899073
83.5333,0.899324
83.6,0.899132
83.6667,0.899304
83.7333,0.89948
83.8,0.898838
83.8667,0.898332
83.9333,0.897968
84,0.898411
84.0667,0.896839
84.1333,0.896976
84.2,0.897059
84.2667,0.897799
84.3333,0.897972
84.4,0.898027
84.4667,0.897944
84.5333,0.897721
84.6,0.897615
84.6667,0.897376
84.7333,0.897486
84.8,0.897435
84.8667,0.897168
84.9333,0.897384
85,0.897787
85.0667,0.898222
85.1333,0.898626
85.2,0.898967
85.2667,0.898936
85.3333,0.899077
85.4,0.899089
85.4667,0.898846
85.5333,0.899488
85.6,0.899433
85.6667,0.898814
85.7333,0.898211
85.8,0.897682
85.8667,0.89774
85.9333,0.897431
86,0.897055
86.0667,0.896651
86.1333,0.896706
86.2,0.896396
86.2667,0.896361
86.3333,0.896498
86.4,0.896302
86.4667,0.896788
86.5333,0.896659
86.6,0.897266
86.6667,0.89756
86.7333,0.897705
86.8,0.897517
86.8667,0.898254
86.9333,0.897979
87,0.896976
87.0667,0.897592
87.1333,0.897595
87.2,0.898117
87.2667,0.898364
87.3333,0.898172
87.4,0.894531
87.4667,0.894507
87.5333,0.894312
87.6,0.894778
87.6667,0.894237
87.7333,0.894096
87.8,0.893054
87.8667,0.89352
87.9333,0.894182
88,0.894202
88.0667,0.893892
88.1333,0.893101
88.2,0.892121
88.2667,0.891815
88.3333,0.890702
88.4,0.891306
88.4667,0.891831
88.5333,0.892007
88.6,0.891553
88.6667,0.892525
88.7333,0.893293
88.8,0.893109
88.8667,0.891024
88.9333,0.891525
89,0.891839
89.0667,0.890256
89.1333,0.887791
89.2,0.887434
89.2667,0.887089
89.3333,0.886929
89.4,0.88745
89.4667,0.887771
89.5333,0.8881
89.6,0.889292
89.6667,0.889578
89.7333,0.88955
89.8,0.889934
89.8667,0.889966
89.9333,0.889472
90,0.88968
90.0667,0.889249
90.1333,0.889288
90.2,0.889311
90.2667,0.889699
90.3333,0.890028
90.4,0.890209
90.4667,0.891079
90.5333,0.890597
90.6,0.890789
90.6667,0.891604
90.7333,0.891341
90.8,0.892623
90.8667,0.893336
90.9333,0.893222
91,0.893614
91.0667,0.892995
91.1333,0.893128
91.2,0.893179
91.2667,0.89388
91.3333,0.894022
91.4,0.894053
91.4667,0.893857
91.5333,0.894116
91.6,0.894304
91.6667,0.893398
91.7333,0.892599
91.8,0.890843
91.8667,0.890459
91.9333,0.890083
92,0.89026
92.0667,0.890914
92.1333,0.891153
92.2,0.891216
92.2667,0.891862
92.3333,0.892395
92.4,0.894978
92.4667,0.895009
92.5333,0.894966
92.6,0.894519
92.6667,0.894613
92.7333,0.89421
92.8,0.894864
92.8667,0.895162
92.9333,0.895107
93,0.89504
93.0667,0.895287
93.1333,0.895711
93.2,0.89651
93.2667,0.8962
93.3333,0.896396
93.4,0.896436
93.4667,0.896565
93.5333,0.897
93.6,0.896874
93.6667,0.896816
93.7333,0.8974
93.8,0.897298
93.8667,0.897278
93.9333,0.897349
94,0.897364
94.0667,0.90095
94.1333,0.900609
94.2,0.900758
94.2667,0.900013
94.3333,0.90028
94.4,0.900625
94.4667,0.900037
94.5333,0.900154
94.6,0.900205
94.6667,0.900444
94.7333,0.900339
94.8,0.900828
94.8667,0.901075
94.9333,0.901342
95,0.901248
95.0667,0.900981
95.1333,0.90104
95.2,0.900695
95.2667,0.900268
95.3333,0.899571
95.4,0.900727
95.4667,0.899104
95.5333,0.899085
95.6,0.898763
95.6667,0.899112
95.7333,0.903058
95.8,0.903419
95.8667,0.902666
95.9333,0.902419
96,0.900895
96.0667,0.90039
96.1333,0.899782
96.2,0.898775
96.2667,0.897509
96.3333,0.896816
96.4,0.8964
96.4667,0.896628
96.5333,0.897
96.6,0.896561
96.6667,0.898767
96.7333,0.898548
96.8,0.897662
96.8667,0.896596
96.9333,0.898638
97,0.898156
97.0667,0.898736
97.1333,0.898477
97.2,0.899802
97.2667,0.899277
97.3333,0.900715
97.4,0.90878
97.4667,0.908458
97.5333,0.908897
97.6,0.909485
97.6667,0.908223
97.7333,0.908701
97.8,0.908176
97.8667,0.909054
97.9333,0.907455
98,0.908348
98.0667,0.910057
98.1333,0.9109
98.2,0.912302
98.2667,0.912545
98.3333,0.911785
98.4,0.912957
98.4667,0.912201
98.5333,0.913361
98.6,0.913071
98.6667,0.914552
98.7333,0.913858
98.8,0.914626
98.8667,0.913764
98.9333,0.915512
99,0.917036
99.0667,0.919145
99.1333,0.919054
99.2,0.920007
99.2667,0.920845
99.3333,0.919921
99.4,0.92072
99.4667,0.919427
99.5333,0.919697
99.6,0.919709
99.6667,0.919344
99.7333,0.92063
99.8,0.918502
99.8667,0.918596
99.9333,0.916648
100,0.917099
100.067,0.914963
100.133,0.9153
100.2,0.914728
100.267,0.915516
100.333,0.915359
100.4,0.914669
100.467,0.914297
100.533,0.91327
100.6,0.914419
100.667,0.913611
100.733,0.91563
100.8,0.915716
100.867,0.915485
100.933,0.915798
101,0.916151
101.067,0.915312
101.133,0.916472
101.2,0.916668
101.267,0.918032
101.333,0.918079
101.4,0.918443
101.467,0.915312
101.533,0.9155
101.6,0.914387
101.667,0.912385
101.733,0.912244
101.8,0.910923
101.867,0.913039
101.933,0.911162
102,0.909657
102.067,0.910229
102.133,0.90856
102.2,0.90816
102.267,0.909524
102.333,0.909955
102.4,0.903525
102.467,0.90343
102.533,0.902937
102.6,0.901295
102.667,0.89952
102.733,0.899551
102.8,0.899665
102.867,0.897113
102.933,0.896675
103,0.896224
103.067,0.895816
103.133,0.895428
103.2,0.894884
103.267,0.894974
103.333,0.886451
103.4,0.879279
103.467,0.874902
103.533,0.874749
103.6,0.871967
103.667,0.869541
103.733,0.869945
103.8,0.874009
103.867,0.876328
103.933,0.877238
104,0.880071
104.067,0.877492
104.133,0.878151
104.2,0.878539
104.267,0.876599
104.333,0.876932
104.4,0.878699
104.467,0.880561
104.533,0.880208
104.6,0.882085
104.667,0.882755
104.733,0.882403
104.8,0.883562
104.867,0.883539
104.933,0.883707
105,0.887168
105.067,0.886176
105.133,0.885961
105.2,0.88549
105.267,0.886172
105.333,0.886694
105.4,0.885632
105.467,0.884648
105.533,0.88328
105.6,0.881627
105.667,0.878664
105.733,0.876082
105.8,0.873033
105.867,0.870423
105.933,0.868322
106,0.865446
106.067,0.864623
106.133,0.864239
106.2,0.861484
106.267,0.861473
106.333,0.862476
106.4,0.859145
106.467,0.858306
106.533,0.858514
106.6,0.857961
106.667,0.85657
106.733,0.857785
106.8,0.858208
106.867,0.857926
106.933,0.856245
107,0.856049
107.067,0.856276
107.133,0.85811
107.2,0.857663
107.267,0.859497
107.333,0.860802
107.4,0.851844
107.467,0.853498
107.533,0.855014
107.6,0.850335
107.667,0.846091
107.733,0.846182
107.8,0.839802
107.867,0.834429
107.933,0.833383
108,0.829437
108.067,0.826384
108.133,0.827066
108.2,0.825459
108.267,0.825212
108.333,0.827716
108.4,0.826607
108.467,0.829358
108.533,0.831913
108.6,0.834453
108.667,0.840155
108.733,0.841902
108.8,0.843556
108.867,0.846918
108.933,0.849081
109,0.84916
109.067,0.834406
109.133,0.838038
109.2,0.840684
109.267,0.842322
109.333,0.84238
109.4,0.839861
109.467,0.839383
109.533,0.840292
109.6,0.84059
109.667,0.841902
109.733,0.843572
109.8,0.840006
109.867,0.837067
109.933,0.835135
110,0.836193
110.067,0.834817
110.133,0.83765
110.2,0.841522
110.267,0.844689
110.333,0.843583
110.4,0.843885
110.467,0.84394
110.533,0.844261
110.6,0.846052
110.667,0.846593
110.733,0.847765
110.8,0.849027
110.867,0.851997
110.933,0.851962
111,0.852095
111.067,0.849744
111.133,0.850453
111.2,0.847976
111.267,0.848788
111.333,0.85117
111.4,0.850061
111.467,0.848247
111.533,0.849375
111.6,0.843721
111.667,0.840915
111.733,0.840664
111.8,0.833175
111.867,0.832137
111.933,0.831874
112,0.8239
112.067,0.81915
112.133,0.81879
112.2,0.811434
112.267,0.809941
112.333,0.808664
112.4,0.792942
112.467,0.794576
112.533,0.796782
112.6,0.800861
112.667,0.803749
112.733,0.806026
112.8,0.813162
112.867,0.816489
112.933,0.815333
113,0.817014
113.067,0.821783
113.133,0.824049
113.2,0.830554
113.267,0.833994
113.333,0.835742
113.4,0.838779
113.467,0.8397
113.533,0.840174
113.6,0.841126
113.667,0.840468
113.733,0.842753
113.8,0.840703
113.867,0.84039
113.933,0.838524
114,0.839865
114.067,0.829347
114.133,0.831169
114.2,0.83138
114.267,0.834061
114.333,0.833485
114.4,0.831533
114.467,0.83265
114.533,0.83305
114.6,0.829993
114.667,0.828747
114.733,0.829186
114.8,0.825969
114.867,0.823092
114.933,0.824084
115,0.822426
115.067,0.823853
115.133,0.823892
115.2,0.822767
115.267,0.822328
115.333,0.822724
115.4,0.794921
115.467,0.762031
115.533,0.737433
115.6,0.696047
115.667,0.691019
115.733,0.660998
115.8,0.660355
115.867,0.645546
115.933,0.642039
116,0.637513
116.067,0.614455
116.133,0.609102
116.2,0.601288
116.267,0.583042
116.333,0.579178
116.4,0.573896
116.467,0.571219
116.533,0.543886
116.6,0.535406
116.667,0.528948
116.733,0.52691
116.8,0.525174
116.867,0.511411
116.933,0.508414
117,0.505271
117.067,0.505282
117.133,0.502136
117.2,0.500149
117.267,0.498385
117.333,0.498593
117.4,0.493064
117.467,0.490066
117.533,0.489024
117.6,0.485015
117.667,0.479293
117.733,0.478071
117.8,0.487828
117.867,0.490536
117.933,0.490795
118,0.490121
118.067,0.489831
118.133,0.496512
118.2,0.497128
118.267,0.493565
118.333,0.491422
118.4,0.495705
118.467,0.493828
118.533,0.491579
118.6,0.487088
118.667,0.482511
118.733,0.481476
118.8,0.477393
118.867,0.47191
118.933,0.471554
119,0.462846
119.067,0.459077
119.133,0.457642
119.2,0.445663
119.267,0.437868
119.333,0.434236
119.4,0.428142
119.467,0.422221
119.533,0.4186
119.6,0.410927
119.667,0.401553
119.733,0.39711
119.8,0.390777
119.867,0.390628
119.933,0.392748
120,0.387031
120.067,0.387219
120.133,0.382826
120.2,0.381125
120.267,0.374643
120.333,0.373648
120.4,0.369286
120.467,0.3619
120.533,0.360195
120.6,0.352734
120.667,0.348972
120.733,0.339688
120.8,0.338454
120.867,0.334053
120.933,0.331812
121,0.328794
121.067,0.320984
121.133,0.318221
121.2,0.315435
121.267,0.311661
121.333,0.309087
121.4,0.307668
121.467,0.305666
121.533,0.303111
121.6,0.301065
121.667,0.299141
121.733,0.298553
121.8,0.296947
121.867,0.292863
121.933,0.295246
122,0.289948
122.067,0.287126
122.133,0.285896
122.2,0.281597
122.267,0.276546
122.333,0.273109
122.4,0.268508
122.467,0.26535
122.533,0.262991
122.6,0.255498
122.667,0.251908
122.733,0.251442
122.8,0.246148
122.867,0.239239
122.933,0.23543
123,0.227209
123.067,0.221389
123.133,0.217404
123.2,0.208649
123.267,0.200769
123.333,0.196317
123.4,0.189616
123.467,0.179102
123.533,0.175176
123.6,0.17072
123.667,0.168792
123.733,0.167299
123.8,0.16608
123.867,0.167154
123.933,0.166296
124,0.16523
124.067,0.160876
124.133,0.158713
124.2,0.156918
124.267,0.155966
124.333,0.156252
124.4,0.157961
124.467,0.164807
124.533,0.168937
124.6,0.178052
124.667,0.185619
124.733,0.188813
124.8,0.195275
124.867,0.197266
124.933,0.196921
125,0.19977
125.067,0.206741
125.133,0.209547
125.2,0.219312
125.267,0.23119
125.333,0.237221
125.4,0.251211
125.467,0.26582
125.533,0.270765
125.6,0.286037
125.667,0.299725
125.733,0.307006
125.8,0.32165
125.867,0.338262
125.933,0.344606
126,0.360446
126.067,0.376348
126.133,0.381701
126.2,0.389343
126.267,0.397262
126.333,0.400656
126.4,0.403748
126.467,0.409301
126.533,0.413764
126.6,0.42679
126.667,0.442469
126.733,0.446862
126.8,0.466652
126.867,0.484686
126.933,0.488616
127,0.496959
127.067,0.511223
127.133,0.511278
127.2,0.512948
127.267,0.51446
127.333,0.510471
127.4,0.507289
127.467,0.502696
127.533,0.500396
127.6,0.492688
127.667,0.485893
127.733,0.480661
127.8,0.470707
127.867,0.45999
127.933,0.45698
128,0.451298
128.067,0.444789
128.133,0.440278
128.2,0.4327
128.267,0.424235
128.333,0.404751
128.4,0.394586
128.467,0.389503
128.533,0.380678
128.6,0.373491
128.667,0.36574
128.733,0.362197
128.8,0.352236
128.867,0.334296
128.933,0.332348
129,0.324844
129.067,0.315259
129.133,0.313374
129.2,0.307927
129.267,0.303201
129.333,0.302264
129.4,0.295336
129.467,0.287636
129.533,0.290579
129.6,0.282659
129.667,0.272835
129.733,0.270609
129.8,0.261893
129.867,0.251246
129.933,0.245595
130,0.231723
130.067,0.221538
130.133,0.214144
130.2,0.200961
130.267,0.188828
130.333,0.183605
130.4,0.170367
130.467,0.15633
130.533,0.148379
130.6,0.134781
130.667,0.123562
130.733,0.109098
130.8,0.101476
130.867,0.0893865
130.933,0.0844293
131,0.0696321
131.067,0.058789
131.133,0.0526404
131.2,0.0426477
131.267,0.0346221
131.333,0.0307621
131.4,0.0247978
131.467,0.0189863
131.533,0.0168702
131.6,0.0131591
131.667,0.0124655
131.733,0.0124812
131.8,0.012058
131.867,0.0123127
131.933,0.0123519
132,0.0124969
132.067,0.0123832
132.133,0.0121324
132.2,0.0123832
132.267,0.0121089
132.333,0.0118973
132.4,0.0117445
132.467,0.0118934
132.533,0.012007
132.6,0.0117758
132.667,0.0119404
132.733,0.0121638
132.8,0.012395
132.867,0.0119247
132.933,0.0118934
133,0.0120815
133.067,0.0119443
133.133,0.0121755
133.2,0.01225
133.267,0.012681
133.333,0.0128535
133.4,0.0198445
133.467,0.0326627
133.533,0.0402651
133.6,0.0570569
133.667,0.0755181
133.733,0.0850406
133.8,0.10554
133.867,0.125799
133.933,0.136643
134,0.159818
134.067,0.182464
134.133,0.19366
134.2,0.218517
134.267,0.24047
134.333,0.254189
134.4,0.276914
134.467,0.299654
134.533,0.313754
134.6,0.331945
134.667,0.345864
134.733,0.352561
134.8,0.37
134.867,0.382418
134.933,0.390738
135,0.403015
135.067,0.416315
135.133,0.421265
135.2,0.432774
135.267,0.434106
135.333,0.432625
135.4,0.428483
135.467,0.422707
135.533,0.420156
135.6,0.412244
135.667,0.406115
135.733,0.403595
135.8,0.395134
135.867,0.373385
135.933,0.368757
136,0.35871
136.067,0.348917
136.133,0.334947
136.2,0.329323
136.267,0.312598
136.333,0.309153
136.4,0.299008
136.467,0.286993
136.533,0.284367
136.6,0.277427
136.667,0.26883
136.733,0.263516
136.8,0.252751
136.867,0.241583
136.933,0.238146
137,0.224505
137.067,0.214061
137.133,0.20883
137.2,0.197469
137.267,0.187265
137.333,0.180207
137.4,0.160825
137.467,0.145644
137.533,0.140749
137.6,0.130302
137.667,0.113945
137.733,0.108984
137.8,0.0986896
137.867,0.0908168
137.933,0.087145
138,0.0789391
138.067,0.0701102
138.133,0.0655096
138.2,0.0561869
138.267,0.048949
138.333,0.0447951
138.4,0.0374788
138.467,0.0312794
138.533,0.0286656
138.6,0.0234106
138.667,0.0216628
138.733,0.0218666
138.8,0.0213767
138.867,0.0208124
138.933,0.0206988
139,0.0202246
139.067,0.0206008
139.133,0.0200561
139.2,0.0200169
139.267,0.0195232
139.333,0.019339
139.4,0.018759
139.467,0.0184455
139.533,0.0184377
139.6,0.0183123
139.667,0.0184925
139.733,0.0188217
139.8,0.0189824
139.867,0.0198994
139.933,0.0210476
140,0.0247782
140.067,0.0287792
140.133,0.0316399
140.2,0.0385487
140.267,0.0459433
140.333,0.0502226
140.4,0.058303
140.467,0.0678099
140.533,0.0725555
140.6,0.0824738
140.667,0.0945827
140.733,0.100849
140.8,0.11351
140.867,0.125313
140.933,0.131388
141,0.145456
141.067,0.158388
141.133,0.165394
141.2,0.178875
141.267,0.195012
141.333,0.202485
141.4,0.217376
141.467,0.231359
141.533,0.242484
141.6,0.258954
141.667,0.275703
141.733,0.281322
141.8,0.30226
141.867,0.323539
141.933,0.330432
142,0.343329
142.067,0.356911
142.133,0.363205
142.2,0.371371
142.267,0.376599
142.333,0.378394
142.4,0.377739
142.467,0.377504
142.533,0.377829
142.6,0.375016
142.667,0.374244
142.733,0.376133
142.8,0.373742
142.867,0.370995
142.933,0.370603
143,0.367029
143.067,0.365301
143.133,0.363334
143.2,0.357761
143.267,0.355316
143.333,0.354313
143.4,0.348697
143.467,0.315282
143.533,0.314867
143.6,0.300328
143.667,0.305337
143.733,0.308256
143.8,0.299341
143.867,0.302104
143.933,0.301915
144,0.298545
144.067,0.295308
144.133,0.293823
144.2,0.292667
144.267,0.288698
144.333,0.286715
144.4,0.281934
144.467,0.275629
144.533,0.273795
144.6,0.26457
144.667,0.259229
144.733,0.256486
144.8,0.249201
144.867,0.242104
144.933,0.239882
145,0.228149
145.067,0.210519
145.133,0.204476
145.2,0.191909
145.267,0.179631
145.333,0.169729
145.4,0.155723
145.467,0.144151
145.533,0.139903
145.6,0.130518
145.667,0.117139
145.733,0.110277
145.8,0.102177
145.867,0.0929643
145.933,0.0884225
146,0.0800129
146.067,0.074413
146.133,0.0714622
146.2,0.0623707
146.267,0.0555403
146.333,0.0522447
146.4,0.0455632
146.467,0.0401083
146.533,0.0378119
146.6,0.0338932
146.667,0.0311853
146.733,0.0303977
146.8,0.0285284
146.867,0.0255619
146.933,0.0241394
147,0.0222153
147.067,0.0199229
147.133,0.019241
147.2,0.0171053
147.267,0.015044
147.333,0.0141388
147.4,0.0125596
147.467,0.0123048
147.533,0.0122774
147.6,0.0123009
147.667,0.0125556
147.733,0.0124929
147.8,0.0120697
147.867,0.0124302
147.933,0.0120345
148,0.0121128
148.067,0.0117014
148.133,0.0117366
148.2,0.0123362
148.267,0.0122343
148.333,0.0125125
148.4,0.0122147
148.467,0.0123832
148.533,0.0125361
148.6,0.0130063
148.667,0.0132062
148.733,0.0131043
148.8,0.01254
148.867,0.012489
148.933,0.0122853
149,0.0122147
149.067,0.0124616
149.133,0.0124538
149.2,0.0126889
149.267,0.0124107
149.333,0.0126967
149.4,0.0127986
149.467,0.0125909
149.533,0.0132885
149.6,0.013069
149.667,0.013696
149.733,0.0135902
149.8,0.0135941
149.867,0.0136215
149.933,0.0135079
150,0.0142289
150.067,0.0143504
150.133,0.0145934
150.2,0.01495
150.267,0.0158121
150.333,0.0162549
150.4,0.0162628
150.467,0.0159023
150.533,0.016447
150.6,0.0163098
150.667,0.017121
150.733,0.0169368
150.8,0.0170779
150.867,0.0177793
150.933,0.0173679
151,0.0177284
151.067,0.0226464
151.133,0.0260283
151.2,0.0336855
151.267,0.0432511
151.333,0.0476049
151.4,0.0564338
151.467,0.0641498
151.533,0.0678765
151.6,0.0755533
151.667,0.0813962
151.733,0.0832105
151.8,0.0877484
151.867,0.090421
151.933,0.0918122
152,0.0955938
152.067,0.0977569
152.133,0.0988424
152.2,0.101358
152.267,0.102553
152.333,0.104309
152.4,0.106159
152.467,0.10679
152.533,0.107863
152.6,0.109047
152.667,0.108306
152.733,0.108961
152.8,0.109012
152.867,0.10793
152.933,0.107601
153,0.107554
153.067,0.106723
153.133,0.107421
153.2,0.107742
153.267,0.11179
153.333,0.113918
153.4,0.1169
153.467,0.117437
153.533,0.116822
153.6,0.117645
153.667,0.118315
153.733,0.117739
153.8,0.113714
153.867,0.108718
153.933,0.106562
154,0.102937
154.067,0.0996457
154.133,0.0986661
154.2,0.0927801
154.267,0.0882383
154.333,0.0884813
154.4,0.0844097
154.467,0.0794995
154.533,0.0777165
154.6,0.0723987
154.667,0.0688719
154.733,0.0678373
154.8,0.0663325
154.867,0.0635894
154.933,0.0612538
155,0.057868
155.067,0.0557088
155.133,0.0545606
155.2,0.0538435
155.267,0.0517274
155.333,0.0499757
155.4,0.0471699
155.467,0.0434549
155.533,0.042052
155.6,0.039497
155.667,0.0369968
155.733,0.0361073
155.8,0.0334974
155.867,0.033854
155.933,0.0320788
156,0.0316987
156.067,0.0312716
156.133,0.0299784
156.2,0.0286538
156.267,0.0258872
156.333,0.0250525
156.4,0.0228619
156.467,0.0210593
156.533,0.0198367
156.6,0.0200679
156.667,0.0209457
156.733,0.0218391
156.8,0.021651
156.867,0.0215413
156.933,0.0210867
157,0.0206204
157.067,0.020303
157.133,0.0201306
157.2,0.0193194
157.267,0.0188413
157.333,0.0188883
157.4,0.0190177
157.467,0.0193899
157.533,0.0194761
157.6,0.020303
157.667,0.0200796
157.733,0.0200287
157.8,0.020495
157.867,0.0204676
157.933,0.0205851
158,0.0208007
158.067,0.0210358
158.133,0.0216275
158.2,0.0222624
158.267,0.0222036
158.333,0.0211847
158.4,0.02093
158.467,0.0206322
158.533,0.0202912
158.6,0.0205616
158.667,0.0185513
158.733,0.0179674
158.8,0.0167879
158.867,0.020495
158.933,0.0245274
159,0.0356057
159.067,0.0478008
159.133,0.0522211
159.2,0.0622727
159.267,0.0677237
159.333,0.0686603
159.4,0.0697301
159.467,0.0719207
159.533,0.0728298
159.6,0.0728376
159.667,0.0763253
159.733,0.0767956
159.8,0.0769092
159.867,0.0784023
159.933,0.0785277
160,0.0791351
160.067,0.0798326
160.133,0.0800324
160.2,0.0814628
160.267,0.0815529
160.333,0.0823563
160.4,0.083669
160.467,0.0837043
160.533,0.08343
160.6,0.0834339
160.667,0.083187
160.733,0.0802205
160.8,0.0754123
160.867,0.0698672
160.933,0.0645064
161,0.0625274
161.067,0.0594512
161.133,0.0591025
161.2,0.053722
161.267,0.0455475
161.333,0.0429298
161.4,0.0361974
161.467,0.0317575
161.533,0.0289908
161.6,0.0232264
161.667,0.0188296
161.733,0.0167017
161.8,0.0128927
161.867,0.0093893
161.933,0.00795504
162,0.00753966
162.067,0.00748088
162.133,0.00774735
162.2,0.0165724
162.267,0.0268434
162.333,0.0314283
162.4,0.0398654
162.467,0.043549
162.533,0.0451204
162.6,0.0478047
162.667,0.0500306
162.733,0.0512415
162.8,0.0533184
162.867,0.0549055
162.933,0.0556892
163,0.0567943
163.067,0.0578171
163.133,0.0584245
163.2,0.0594943
163.267,0.0606895
163.333,0.0610148
163.4,0.0613283
163.467,0.0617398
163.533,0.0621512
163.6,0.0623707
163.667,0.0630447
163.733,0.0628919
163.8,0.0635581
163.867,0.0638951
163.933,0.0644084
164,0.064671
164.067,0.0609521
164.133,0.0581463
164.2,0.0536084
164.267,0.0475108
164.333,0.0453085
164.4,0.0397517
164.467,0.034869
164.533,0.032071
164.6,0.0276937
164.667,0.0243275
164.733,0.0234458
164.8,0.0208438
164.867,0.0171445
164.933,0.0154163
165,0.0121755
165.067,0.0117837
165.133,0.0123284
165.2,0.0124694
165.267,0.0131709
165.333,0.0133707
165.4,0.0141153
165.467,0.0152204
165.533,0.0154555
165.6,0.0161962
165.667,0.0168623
165.733,0.0175599
165.8,0.0183711
165.867,0.0187512
165.933,0.0188021
166,0.0188766
166.067,0.0195859
166.133,0.0197465
166.2,0.0198523
166.267,0.019919
166.333,0.0197152
166.4,0.0197779
166.467,0.019437
166.533,0.0197426
166.6,0.0199111
166.667,0.0198053
166.733,0.0194448
166.8,0.0195075
166.867,0.0198014
166.933,0.0201658
167,0.0209457
167.067,0.0203069
167.133,0.0198327
167.2,0.0245666
167.267,0.0317144
167.333,0.035155
167.4,0.0411703
167.467,0.0508222
167.533,0.0548898
167.6,0.062739
167.667,0.0644241
167.733,0.0643065
167.8,0.0655174
167.867,0.0660465
167.933,0.0666813
168,0.0691383
168.067,0.0696282
168.133,0.0708312
168.2,0.0741935
168.267,0.0759374
168.333,0.0762626
168.4,0.0778889
168.467,0.0787158
168.533,0.0793545
168.6,0.0806673
168.667,0.0811179
168.733,0.0815137
168.8,0.0816235
168.867,0.0818782
168.933,0.0826267
169,0.0832223
169.067,0.0831439
169.133,0.0834182
169.2,0.0852248
169.267,0.0860477
169.333,0.0867923
169.4,0.0864749
169.467,0.0848995
169.533,0.0841471
169.6,0.0836455
169.667,0.085166
169.733,0.0846056
169.8,0.0796641
169.867,0.0769327
169.933,0.0750988
170,0.0694636
170.067,0.0663286
170.133,0.0655253
170.2,0.0609795
170.267,0.0545685
170.333,0.050638
170.4,0.045234
170.467,0.0388504
170.533,0.0362444
170.6,0.0300058
170.667,0.0246254
170.733,0.0225328
170.8,0.0174737
170.867,0.0131905
170.933,0.0108314
171,0.00672456
171.067,0.00370713
171.133,0.00304094
171.2,0.00212004
171.267,0.00177911
171.333,0.00185356
171.4,0.00182221
171.467,0.00180654
171.533,0.00180654
171.6,0.001881
171.667,0.00177519
171.733,0.00172033
171.8,0.00155966
171.867,0.00128927
171.933,0.00122657
172,0.0011717
172.067,0.00115995
172.133,0.00108941
172.2,0.00108157
172.267,0.000999279
172.333,0.000971848
172.4,0.000689698
172.467,0.000674023
172.533,0.000587811
172.6,0.000548624
172.667,0.000387955
172.733,0.000301743
172.8,0.000117562
172.867,2.35124e-05
172.933,1.95937e-05
173,0
173.067,0.000176343
173.133,0.000195937
173.2,0.000352687
173.267,0.000650511
173.333,0.000771992
173.4,0.00074848
173.467,0.000768073
173.533,0.000807261
173.6,0.000862123
173.667,0.000940498
173.733,0.000960092
173.8,0.000862123
173.867,0.00099536
173.933,0.00101104
174,0.00103847
174.067,0.00174776
174.133,0.00160668
174.2,0.00159885
174.267,0.00157925
174.333,0.00153223
174.4,0.00158709
174.467,0.00144602
174.533,0.00144993
174.6,0.00140683
174.667,0.00149696
174.733,0.00154398
174.8,0.00167722
174.867,0.0016302
174.933,0.00246097
175,0.00887595
175.067,0.0172189
175.133,0.0218431
175.2,0.0302801
175.267,0.0371026
175.333,0.0399555
175.4,0.0426281
175.467,0.0449166
175.533,0.0459237
175.6,0.047695
175.667,0.0493448
175.733,0.0503166
175.8,0.0553013
175.867,0.064142
175.933,0.0685976
176,0.0797973
176.067,0.0901075
176.133,0.0949629
176.2,0.106962
176.267,0.117774
176.333,0.123362
176.4,0.136067
176.467,0.14466
176.533,0.149292
176.6,0.159744
176.667,0.164313
176.733,0.166754
176.8,0.174623
176.867,0.177605
176.933,0.178111
177,0.1819
177.067,0.184338
177.133,0.185376
177.2,0.188891
177.267,0.190698
177.333,0.191979
177.4,0.192097
177.467,0.189028
177.533,0.186552
177.6,0.182174
177.667,0.178844
177.733,0.175564
177.8,0.172762
177.867,0.171323
177.933,0.171018
178,0.16869
178.067,0.167546
178.133,0.16809
178.2,0.168016
178.267,0.170101
178.333,0.174709
178.4,0.169435
178.467,0.16686
178.533,0.165253
178.6,0.159747
178.667,0.154422
178.733,0.149104
178.8,0.144308
178.867,0.140248
178.933,0.138045
179,0.135953
179.067,0.125725
179.133,0.123456
179.2,0.119984
179.267,0.113126
179.333,0.113244
179.4,0.109881
179.467,0.104764
179.533,0.101864
179.6,0.0957505
179.667,0.0900958
179.733,0.0864396
179.8,0.0792761
179.867,0.0732687
179.933,0.071278
180,0.0679
180.067,0.0629977
180.133,0.0599371
180.2,0.055893
180.267,0.0530245
180.333,0.051696
180.4,0.0514452
180.467,0.0521506
180.533,0.0524288
180.6,0.0517979
180.667,0.0520252
180.733,0.0527894
180.8,0.0532439
180.867,0.0536476
180.933,0.0538317
181,0.0541648
181.067,0.0544039
181.133,0.0544627
181.2,0.0550348
181.267,0.0550818
181.333,0.0541766
181.4,0.0543569
181.467,0.0554972
181.533,0.0559518
181.6,0.0565984
181.667,0.0572881
181.733,0.0573469
181.8,0.0593846
181.867,0.064479
181.933,0.0675826
182,0.0744365
182.067,0.080538
182.133,0.0837357
182.2,0.0898606
182.267,0.0949041
182.333,0.095343
182.4,0.098427
182.467,0.100962
182.533,0.101934
182.6,0.103169
182.667,0.104677
182.733,0.104834
182.8,0.10543
182.867,0.106551
182.933,0.107456
183,0.108157
183.067,0.109682
183.133,0.111688
183.2,0.113479
183.267,0.116336
183.333,0.116692
183.4,0.117566
183.467,0.118322
183.533,0.119322
183.6,0.120454
183.667,0.122022
183.733,0.122096
183.8,0.123871
183.867,0.123687
183.933,0.12473
184,0.125169
184.067,0.125051
184.133,0.125639
184.2,0.126901
184.267,0.127277
184.333,0.127528
184.4,0.127579
184.467,0.128515
184.533,0.12857
184.6,0.129177
184.667,0.129017
184.733,0.129377
184.8,0.129753
184.867,0.129683
184.933,0.129753
185,0.129228
185.067,0.129095
185.133,0.128762
185.2,0.129428
185.267,0.131109
185.333,0.131873
185.4,0.134123
185.467,0.135259
185.533,0.136031
185.6,0.136023
185.667,0.135686
185.733,0.135177
185.8,0.134581
185.867,0.134785
185.933,0.135518
186,0.136364
186.067,0.137285
186.133,0.137669
186.2,0.138093
186.267,0.137693
186.333,0.137258
186.4,0.13821
186.467,0.138723
186.533,0.139104
186.6,0.139147
186.667,0.139256
186.733,0.139131
186.8,0.138931
186.867,0.13919
186.933,0.139045
187,0.139237
187.067,0.139586
187.133,0.139703
187.2,0.140322
187.267,0.14055
187.333,0.140569
187.4,0.139241
187.467,0.13955
187.533,0.139989
187.6,0.141004
187.667,0.140546
187.733,0.140785
187.8,0.140985
187.867,0.141075
187.933,0.141106
188,0.141216
188.067,0.141757
188.133,0.141984
188.2,0.142658
188.267,0.142203
188.333,0.142344
188.4,0.142203
188.467,0.142043
188.533,0.142125
188.6,0.142141
188.667,0.14198
188.733,0.142274
188.8,0.142489
188.867,0.14254
188.933,0.142838
189,0.142552
189.067,0.143351
189.133,0.143626
189.2,0.143598
189.267,0.143783
189.333,0.143849
189.4,0.143779
189.467,0.143481
189.533,0.143301
189.6,0.142548
189.667,0.142607
189.733,0.142685
189.8,0.142901
189.867,0.143152
189.933,0.143148
190,0.144049
190.067,0.145229
190.133,0.145593
190.2,0.146706
190.267,0.147074
190.333,0.146941
190.4,0.145624
190.467,0.144241
190.533,0.143916
190.6,0.143583
190.667,0.14354
190.733,0.141517
190.8,0.142125
190.867,0.142003
190.933,0.142211
191,0.143058
191.067,0.143579
191.133,0.143704
191.2,0.14408
191.267,0.144633
191.333,0.145605
191.4,0.146083
191.467,0.146255
191.533,0.146087
191.6,0.145856
191.667,0.145526
191.733,0.145456
191.8,0.144692
191.867,0.145926
191.933,0.146737
192,0.148869
192.067,0.150997
192.133,0.152557
192.2,0.153603
192.267,0.154606
192.333,0.155135
192.4,0.155441
192.467,0.156389
192.533,0.15673
192.6,0.157353
192.667,0.158689
192.733,0.158932
192.8,0.159038
192.867,0.157957
192.933,0.158008
193,0.156546
193.067,0.156565
193.133,0.156616
193.2,0.157067
193.267,0.156957
193.333,0.157569
193.4,0.157063
193.467,0.15731
193.533,0.157161
193.6,0.156491
193.667,0.156052
193.733,0.155982
193.8,0.156146
193.867,0.156718
193.933,0.156946
194,0.157024
194.067,0.156342
194.133,0.156268
194.2,0.155903
194.267,0.156217
194.333,0.156307
194.4,0.156189
194.467,0.155656
194.533,0.155511
194.6,0.154896
194.667,0.155123
194.733,0.154994
194.8,0.155119
194.867,0.15584
194.933,0.156189
195,0.156518
195.067,0.155888
195.133,0.155578
195.2,0.155664
195.267,0.156178
195.333,0.156722
195.4,0.158635
195.467,0.159838
195.533,0.160621
195.6,0.161272
195.667,0.161519
195.733,0.16204
195.8,0.161922
195.867,0.163012
195.933,0.16291
196,0.164015
196.067,0.165602
196.133,0.166429
196.2,0.16833
196.267,0.171676
196.333,0.173349
196.4,0.177644
196.467,0.182386
196.533,0.184392
196.6,0.189777
196.667,0.194385
196.733,0.196819
196.8,0.202505
196.867,0.206294
196.933,0.207901
197,0.213195
197.067,0.218309
197.133,0.221205
197.2,0.227256
197.267,0.233553
197.333,0.23806
197.4,0.251015
197.467,0.25625
197.533,0.259025
197.6,0.265847
197.667,0.271581
197.733,0.274328
197.8,0.280543
197.867,0.288024
197.933,0.293823
198,0.300865
198.067,0.307833
198.133,0.310756
198.2,0.319178
198.267,0.329112
198.333,0.333301
198.4,0.339786
198.467,0.347177
198.533,0.349473
198.6,0.354658
198.667,0.359356
198.733,0.361539
198.8,0.37065
198.867,0.378946
198.933,0.383331
199,0.387324
199.067,0.41061
199.133,0.411828
199.2,0.414603
199.267,0.418635
199.333,0.424462
199.4,0.433503
199.467,0.445165
199.533,0.451607
199.6,0.460205
199.667,0.466267
199.733,0.468822
199.8,0.476652
199.867,0.495058
199.933,0.504773
200,0.520311
200.067,0.535535
200.133,0.545512
200.2,0.55612
200.267,0.569918
200.333,0.576231
200.4,0.589524
200.467,0.600034
200.533,0.608439
200.6,0.616093
200.667,0.622986
200.733,0.655574
200.8,0.658486
200.867,0.661096
200.933,0.66175
201,0.673973
201.067,0.695016
201.133,0.70872
201.2,0.722385
201.267,0.738479
201.333,0.745325
201.4,0.750991
201.467,0.758727
201.533,0.760044
201.6,0.768007
201.667,0.773846
201.733,0.776816
201.8,0.781244
201.867,0.786127
201.933,0.787722
202,0.793729
202.067,0.803898
202.133,0.808123
202.2,0.812002
202.267,0.820855
202.333,0.819162
202.4,0.862233
202.467,0.860814
202.533,0.860653
202.6,0.863158
202.667,0.851053
202.733,0.839104
202.8,0.818793
202.867,0.801465
202.933,0.798173
203,0.792154
203.067,0.791884
203.133,0.789266
203.2,0.787036
203.267,0.785488
203.333,0.784297
203.4,0.782769
203.467,0.781083
203.533,0.780449
203.6,0.77867
203.667,0.778611
203.733,0.778677
203.8,0.781981
203.867,0.784132
203.933,0.784469
204,0.786973
204.067,0.804882
204.133,0.803456
204.2,0.804357
204.267,0.806281
204.333,0.809236
204.4,0.809381
204.467,0.809138
204.533,0.808922
204.6,0.808691
204.667,0.80962
204.733,0.808754
204.8,0.810537
204.867,0.809631
204.933,0.809816
205,0.809095
205.067,0.811313
205.133,0.819264
205.2,0.819193
205.267,0.821944
205.333,0.82415
205.4,0.829147
205.467,0.833062
205.533,0.83642
205.6,0.839402
205.667,0.838756
205.733,0.84916
205.8,0.848909
205.867,0.848215
205.933,0.847197
206,0.845845
206.067,0.844665
206.133,0.844308
206.2,0.846005
206.267,0.844277
206.333,0.843936
206.4,0.841601
206.467,0.839453
206.533,0.83901
206.6,0.836765
206.667,0.834798
206.733,0.834782
206.8,0.834704
206.867,0.83631
206.933,0.834512
207,0.834359
207.067,0.83216
207.133,0.829872
207.2,0.828477
207.267,0.829127
207.333,0.828579
207.4,0.826404
207.467,0.82493
207.533,0.824056
207.6,0.823484
207.667,0.821901
207.733,0.819138
207.8,0.818629
207.867,0.816501
207.933,0.815149
208,0.816897
208.067,0.816768
208.133,0.816227
208.2,0.81647
208.267,0.817057
208.333,0.816889
208.4,0.818837
208.467,0.819663
208.533,0.818319
208.6,0.818637
208.667,0.81904
208.733,0.818402
208.8,0.817587
208.867,0.817449
208.933,0.818065
209,0.81779
209.067,0.817555
209.133,0.815557
209.2,0.817732
209.267,0.81616
209.333,0.814338
209.4,0.818163
209.467,0.815682
209.533,0.813495
209.6,0.812653
209.667,0.812143
209.733,0.811732
209.8,0.81125
209.867,0.810548
209.933,0.809138
210,0.809498
210.067,0.808687
210.133,0.809718
210.2,0.809001
210.267,0.808754
210.333,0.808938
210.4,0.808252
210.467,0.808879
210.533,0.809024
210.6,0.808605
210.667,0.807931
210.733,0.817861
210.8,0.817735
210.867,0.817261
210.933,0.817489
211,0.817257
211.067,0.817195
211.133,0.81598
211.2,0.814691
211.267,0.815047
211.333,0.814553
211.4,0.813511
211.467,0.81344
211.533,0.813315
211.6,0.812657
211.667,0.812884
211.733,0.813064
211.8,0.813358
211.867,0.815004
211.933,0.815318
212,0.814651
212.067,0.816783
212.133,0.817398
212.2,0.81703
212.267,0.816732
212.333,0.817634
212.4,0.818456
212.467,0.818793
212.533,0.817798
212.6,0.816771
212.667,0.815498
212.733,0.815717
212.8,0.813319
212.867,0.812943
212.933,0.811869
213,0.812312
213.067,0.812743
213.133,0.813186
213.2,0.812684
213.267,0.812183
213.333,0.811998
213.4,0.812794
213.467,0.812394
213.533,0.81212
213.6,0.811524
213.667,0.811885
213.733,0.811473
213.8,0.812253
213.867,0.811309
213.933,0.809341
214,0.80826
214.067,0.809729
214.133,0.810004
214.2,0.807747
214.267,0.807715
214.333,0.808585
214.4,0.80583
214.467,0.805125
214.533,0.804878
214.6,0.804706
214.667,0.80431
214.733,0.803475
214.8,0.803812
214.867,0.804772
214.933,0.803761
215,0.803044
215.067,0.802731
215.133,0.801978
215.2,0.801774
215.267,0.801751
215.333,0.801171
215.4,0.799212
215.467,0.800603
215.533,0.800442
215.6,0.799933
215.667,0.799114
215.733,0.801818
215.8,0.80072
215.867,0.80052
215.933,0.800289
216,0.801292
216.067,0.799709
216.133,0.800783
216.2,0.800564
216.267,0.799584
216.333,0.799192
216.4,0.798867
216.467,0.798538
216.533,0.796218
216.6,0.795575
216.667,0.794768
216.733,0.794282
216.8,0.792765
216.867,0.792742
216.933,0.792644
217,0.792687
217.067,0.792048
217.133,0.792205
217.2,0.792213
217.267,0.792577
217.333,0.791836
217.4,0.794321
217.467,0.793972
217.533,0.794227
217.6,0.794968
217.667,0.793721
217.733,0.793557
217.8,0.789967
217.867,0.790508
217.933,0.789799
218,0.791539
218.067,0.791413
218.133,0.791652
218.2,0.791499
218.267,0.791068
218.333,0.79217
218.4,0.794113
218.467,0.797338
218.533,0.79724
218.6,0.79724
218.667,0.797675
218.733,0.799047
218.8,0.801531
218.867,0.801963
218.933,0.802111
219,0.802021
219.067,0.828782
219.133,0.828488
219.2,0.828269
219.267,0.828579
219.333,0.827168
219.4,0.828606
219.467,0.828496
219.533,0.828371
219.6,0.826952
219.667,0.826196
219.733,0.826286
219.8,0.824813
219.867,0.824726
219.933,0.824554
220,0.824327
220.067,0.824578
220.133,0.823331
220.2,0.823664
220.267,0.82303
220.333,0.822567
220.4,0.822489
220.467,0.822528
220.533,0.822054
220.6,0.822606
220.667,0.823461
220.733,0.825988
220.8,0.825165
220.867,0.825522
220.933,0.825491
221,0.824523
221.067,0.823273
221.133,0.823128
221.2,0.821247
221.267,0.821415
221.333,0.820831
221.4,0.82178
221.467,0.821082
221.533,0.820627
221.6,0.820369
221.667,0.821564
221.733,0.821282
221.8,0.820479
221.867,0.819146
221.933,0.819667
222,0.819899
222.067,0.820385
222.133,0.820819
222.2,0.819891
222.267,0.820087
222.333,0.819832
222.4,0.81672
222.467,0.816826
222.533,0.817234
222.6,0.817445
222.667,0.81596
222.733,0.815086
222.8,0.814836
222.867,0.814326
222.933,0.813519
223,0.813225
223.067,0.811853
223.133,0.811556
223.2,0.810784
223.267,0.810513
223.333,0.810748
223.4,0.80982
223.467,0.809663
223.533,0.810219
223.6,0.810838
223.667,0.810819
223.733,0.810948
223.8,0.811524
223.867,0.811857
223.933,0.811462
224,0.811865
224.067,0.808573
224.133,0.808522
224.2,0.808769
224.267,0.810584
224.333,0.810208
224.4,0.80884
224.467,0.8098
224.533,0.810251
224.6,0.809389
224.667,0.809067
224.733,0.809428
224.8,0.809816
224.867,0.809651
224.933,0.8094
225,0.809914
225.067,0.809588
225.133,0.810595
225.2,0.810595
225.267,0.812288
225.333,0.813734
225.4,0.812919
225.467,0.813221
225.533,0.813194
225.6,0.812484
225.667,0.812547
225.733,0.818605
225.8,0.817767
225.867,0.817826
225.933,0.816654
226,0.816325
226.067,0.81587
226.133,0.815427
226.2,0.816027
226.267,0.81596
226.333,0.816297
226.4,0.817222
226.467,0.8173
226.533,0.817798
226.6,0.817406
226.667,0.817634
226.733,0.818378
226.8,0.818601
226.867,0.818562
226.933,0.818108
227,0.817865
227.067,0.81723
227.133,0.817159
227.2,0.81654
227.267,0.81674
227.333,0.816858
227.4,0.801151
227.467,0.801343
227.533,0.800176
227.6,0.799278
227.667,0.799298
227.733,0.799874
227.8,0.799956
227.867,0.800152
227.933,0.801096
228,0.801187
228.067,0.802903
228.133,0.803597
228.2,0.80507
228.267,0.805113
228.333,0.806904
228.4,0.80719
228.467,0.806461
228.533,0.806199
228.6,0.807221
228.667,0.80728
228.733,0.80679
228.8,0.806826
228.867,0.811215
228.933,0.81683
229,0.826631
229.067,0.844594
229.133,0.8445
229.2,0.843932
229.267,0.84394
229.333,0.844504
229.4,0.844724
229.467,0.844963
229.533,0.846131
229.6,0.847232
229.667,0.847957
229.733,0.848419
229.8,0.849364
229.867,0.849705
229.933,0.849697
230,0.850057
230.067,0.850175
230.133,0.849661
230.2,0.849838
230.267,0.849799
230.333,0.849712
230.4,0.849885
230.467,0.849705
230.533,0.850022
230.6,0.849693
230.667,0.849669
230.733,0.850065
230.8,0.850477
230.867,0.850281
230.933,0.850132
231,0.850418
231.067,0.850531
231.133,0.850567
231.2,0.850516
231.267,0.850339
231.333,0.850355
231.4,0.85019
231.467,0.850304
231.533,0.85061
231.6,0.850574
231.667,0.850625
231.733,0.850794
231.8,0.851429
231.867,0.851405
231.933,0.851378
232,0.851448
232.067,0.85155
232.133,0.85177
232.2,0.852428
232.267,0.852432
232.333,0.852695
232.4,0.8528
232.467,0.852648
232.533,0.852534
232.6,0.852185
232.667,0.852303
232.733,0.852397
232.8,0.852283
232.867,0.85253
232.933,0.852753
233,0.852663
233.067,0.852373
233.133,0.852491
233.2,0.852667
233.267,0.852655
233.333,0.852663
233.4,0.853694
233.467,0.853866
233.533,0.85367
233.6,0.853506
233.667,0.853917
233.733,0.853999
233.8,0.85389
233.867,0.853678
233.933,0.853651
234,0.853506
234.067,0.852244
234.133,0.852154
234.2,0.852295
234.267,0.852185
234.333,0.85222
234.4,0.852342
234.467,0.852534
234.533,0.852616
234.6,0.852467
234.667,0.852557
234.733,0.852792
234.8,0.852291
234.867,0.852405
234.933,0.852459
235,0.852455
235.067,0.852326
235.133,0.852475
235.2,0.852236
235.267,0.852314
235.333,0.852373
235.4,0.852232
235.467,0.852263
235.533,0.852099
235.6,0.852048
235.667,0.851966
235.733,0.852448
235.8,0.852448
235.867,0.852969
235.933,0.852945
236,0.852589
236.067,0.852115
236.133,0.852115
236.2,0.851985
236.267,0.852099
236.333,0.852358
236.4,0.851899
236.467,0.852467
236.533,0.852291
236.6,0.85226
236.667,0.852546
236.733,0.852256
236.8,0.852197
236.867,0.852071
236.933,0.852044
237,0.852173
237.067,0.851985
237.133,0.851985
237.2,0.851778
237.267,0.851664
237.333,0.851785
237.4,0.851472
237.467,0.851307
237.533,0.851456
237.6,0.851707
237.667,0.851817
237.733,0.852079
237.8,0.85195
237.867,0.85224
237.933,0.852346
238,0.852209
238.067,0.852471
238.133,0.852671
238.2,0.852867
238.267,0.852945
238.333,0.852824
238.4,0.85262
238.467,0.85264
238.533,0.852816
238.6,0.852902
238.667,0.852702
238.733,0.852914
238.8,0.852789
238.867,0.85251
238.933,0.852209
239,0.85233
239.067,0.852444
239.133,0.852377
239.2,0.85253
239.267,0.852514
239.333,0.852365
239.4,0.85255
239.467,0.852452
239.533,0.852906
239.6,0.85302
239.667,0.849395
239.733,0.849301
239.8,0.84956
239.867,0.849101
239.933,0.848717
240,0.84952
240.067,0.849951
240.133,0.849712
240.2,0.849579
240.267,0.849932
240.333,0.850277
240.4,0.850453
240.467,0.850253
240.533,0.850194
240.6,0.85012
240.667,0.850092
240.733,0.850214
240.8,0.850312
240.867,0.850253
240.933,0.850269
241,0.850053
241.067,0.850332
241.133,0.850359
241.2,0.85048
241.267,0.85039
241.333,0.847733
241.4,0.847655
241.467,0.847604
241.533,0.847459
241.6,0.847342
241.667,0.847835
241.733,0.847392
241.8,0.847134
241.867,0.847173
241.933,0.847338
242,0.847228
242.067,0.847643
242.133,0.847639
242.2,0.84829
242.267,0.849015
242.333,0.849838
242.4,0.850539
242.467,0.850853
242.533,0.85059
242.6,0.850661
242.667,0.850645
242.733,0.850077
242.8,0.849732
242.867,0.850179
242.933,0.850433
243,0.851695
243.067,0.851405
243.133,0.851249
243.2,0.851491
243.267,0.851131
243.333,0.85088
243.4,0.850441
243.467,0.850563
243.533,0.850653
243.6,0.850508
243.667,0.850179
243.733,0.850026
243.8,0.849681
243.867,0.850002
243.933,0.849802
244,0.850045
244.067,0.849975
244.133,0.850092
244.2,0.850175
244.267,0.850457
244.333,0.850339
244.4,0.850429
244.467,0.850567
244.533,0.850355
244.6,0.850645
244.667,0.850335
244.733,0.850767
244.8,0.850206
244.867,0.849995
244.933,0.849599
245,0.849614
245.067,0.849802
245.133,0.849799
245.2,0.849532
245.267,0.849857
245.333,0.849987
245.4,0.849967
245.467,0.849877
245.533,0.84965
245.6,0.84974
245.667,0.849658
245.733,0.849955
245.8,0.850343
245.867,0.850202
245.933,0.850312
246,0.850198
246.067,0.850136
246.133,0.85003
246.2,0.849799
246.267,0.849783
246.333,0.847345
246.4,0.847451
246.467,0.847874
246.533,0.847992
246.6,0.848078
246.667,0.848102
246.733,0.847722
246.8,0.848306
246.867,0.848145
246.933,0.848008
247,0.848145
247.067,0.847816
247.133,0.847694
247.2,0.847988
247.267,0.848227
247.333,0.848364
247.4,0.848235
247.467,0.848325
247.533,0.848184
247.6,0.848333
247.667,0.848204
247.733,0.848164
247.8,0.84811
247.867,0.848407
247.933,0.8482
248,0.846244
248.067,0.846475
248.133,0.846229
248.2,0.846185
248.267,0.846707
248.333,0.846397
248.4,0.846182
248.467,0.845982
248.533,0.84615
248.6,0.845946
248.667,0.845809
248.733,0.845993
248.8,0.846342
248.867,0.846146
248.933,0.846315
249,0.846503
249.067,0.84666
249.133,0.84655
249.2,0.847063
249.267,0.847028
249.333,0.847514
249.4,0.847851
249.467,0.849152
249.533,0.848944
249.6,0.849144
249.667,0.849708
249.733,0.850469
249.8,0.85052
249.867,0.850559
249.933,0.850449
250,0.850132
250.067,0.849642
250.133,0.849622
250.2,0.849442
250.267,0.850328
250.333,0.850355
250.4,0.849759
250.467,0.84981
250.533,0.849693
250.6,0.850143
250.667,0.850116
250.733,0.849963
250.8,0.84972
250.867,0.849199
250.933,0.848788
251,0.847972
251.067,0.848004
251.133,0.847079
251.2,0.846789
251.267,0.846346
251.333,0.843877
251.4,0.844097
251.467,0.844708
251.533,0.845253
251.6,0.846127
251.667,0.846256
251.733,0.845993
251.8,0.846044
251.867,0.845594
251.933,0.845351
252,0.846068
252.067,0.846926
252.133,0.847447
252.2,0.847553
252.267,0.847549
252.333,0.847326
252.4,0.84751
252.467,0.848102
252.533,0.847949
252.6,0.84771
252.667,0.847984
252.733,0.847679
252.8,0.847761
252.867,0.847777
252.933,0.847624
253,0.845539
253.067,0.84568
253.133,0.846029
253.2,0.845582
253.267,0.845366
253.333,0.84472
253.4,0.844371
253.467,0.84367
253.533,0.843329
253.6,0.84249
253.667,0.841973
253.733,0.841718
253.8,0.84151
253.867,0.84097
253.933,0.843485
254,0.84624
254.067,0.847945
254.133,0.848678
254.2,0.849591
254.267,0.850061
254.333,0.850657
254.4,0.851652
254.467,0.852216
254.533,0.852808
254.6,0.85262
254.667,0.859858
254.733,0.859787
254.8,0.860015
254.867,0.859611
254.933,0.859866
255,0.859642
255.067,0.859921
255.133,0.860038
255.2,0.859838
255.267,0.860046
255.333,0.860023
255.4,0.860128
255.467,0.860042
255.533,0.860277
255.6,0.860356
255.667,0.860371
255.733,0.860414
255.8,0.860124
255.867,0.860211
255.933,0.860387
256,0.860187
256.067,0.860254
256.133,0.860046
256.2,0.860156
256.267,0.860171
256.333,0.858236
256.4,0.858091
256.467,0.858486
256.533,0.858867
256.6,0.858624
256.667,0.858671
256.733,0.858518
256.8,0.858435
256.867,0.858294
256.933,0.858385
257,0.858424
257.067,0.858435
257.133,0.858157
257.2,0.85791
257.267,0.857903
257.333,0.857808
257.4,0.857914
257.467,0.857871
257.533,0.858059
257.6,0.857754
257.667,0.857687
257.733,0.857734
257.8,0.857816
257.867,0.857824
257.933,0.857879
258,0.857268
258.067,0.857166
258.133,0.857844
258.2,0.857891
258.267,0.857781
258.333,0.858032
258.4,0.857957
258.467,0.857758
258.533,0.857644
258.6,0.857499
258.667,0.857824
258.733,0.857828
258.8,0.857914
258.867,0.857123
258.933,0.857389
259,0.857632
259.067,0.857487
259.133,0.857515
259.2,0.857479
259.267,0.857683
259.333,0.857856
259.4,0.857718
259.467,0.857601
259.533,0.857315
259.6,0.856629
259.667,0.856296
259.733,0.856237
259.8,0.856997
259.867,0.856982
259.933,0.856856
260,0.856931
260.067,0.856696
260.133,0.856374
260.2,0.856586
260.267,0.856633
260.333,0.856421
260.4,0.856997
260.467,0.857107
260.533,0.857252
260.6,0.857213
260.667,0.85686
260.733,0.85733
260.8,0.856989
260.867,0.857029
260.933,0.85726
261,0.857311
261.067,0.857307
261.133,0.857252
261.2,0.857197
261.267,0.85726
261.333,0.85851
261.4,0.858643
261.467,0.858486
261.533,0.858338
261.6,0.85862
261.667,0.858722
261.733,0.858647
261.8,0.858776
261.867,0.858718
261.933,0.858682
262,0.858357
262.067,0.858514
262.133,0.858008
262.2,0.858804
262.267,0.858569
262.333,0.858196
262.4,0.858729
262.467,0.858479
262.533,0.858749
262.6,0.858549
262.667,0.858569
262.733,0.858494
262.8,0.858392
262.867,0.8584
262.933,0.858279
263,0.857001
263.067,0.857209
263.133,0.856876
263.2,0.856445
263.267,0.856672
263.333,0.856315
263.4,0.85617
263.467,0.856296
263.533,0.856554
263.6,0.856723
263.667,0.856719
263.733,0.856966
263.8,0.85704
263.867,0.857209
263.933,0.857656
264,0.85766
264.067,0.857859
264.133,0.857859
264.2,0.857899
264.267,0.857656
264.333,0.857511
264.4,0.857801
264.467,0.85782
264.533,0.857679
264.6,0.857891
264.667,0.85978
264.733,0.859823
264.8,0.859823
264.867,0.859854
264.933,0.859544
265,0.859419
265.067,0.859031
265.133,0.85891
265.2,0.858659
265.267,0.858498
265.333,0.858349
265.4,0.85755
265.467,0.857209
265.533,0.85628
265.6,0.857107
265.667,0.856214
265.733,0.855786
265.8,0.856167
265.867,0.855967
265.933,0.856939
266,0.857377
266.067,0.857769
266.133,0.857875
266.2,0.857718
266.267,0.857808
266.333,0.858788
266.4,0.858741
266.467,0.85887
266.533,0.858753
266.6,0.858686
266.667,0.858953
266.733,0.858729
266.8,0.858682
266.867,0.858451
266.933,0.858326
267,0.858443
267.067,0.858643
267.133,0.858439
267.2,0.858804
267.267,0.858408
267.333,0.858459
267.4,0.858322
267.467,0.858208
267.533,0.858365
267.6,0.858392
267.667,0.858357
267.733,0.858012
267.8,0.85795
267.867,0.857758
267.933,0.857503
268,0.858247
268.067,0.858498
268.133,0.858271
268.2,0.858032
268.267,0.858702
268.333,0.858404
268.4,0.858831
268.467,0.858671
268.533,0.858616
268.6,0.858467
268.667,0.858435
268.733,0.858671
268.8,0.858471
268.867,0.858306
268.933,0.858526
269,0.858776
269.067,0.85869
269.133,0.858804
269.2,0.858945
269.267,0.859012
269.333,0.858792
269.4,0.859051
269.467,0.859176
269.533,0.859513
269.6,0.859623
269.667,0.856594
269.733,0.856554
269.8,0.856441
269.867,0.856743
269.933,0.856946
270,0.857307
270.067,0.857581
270.133,0.857342
270.2,0.857511
270.267,0.857597
270.333,0.857452
270.4,0.857601
270.467,0.85753
270.533,0.857338
270.6,0.857299
270.667,0.857354
270.733,0.857272
270.8,0.857358
270.867,0.857244
270.933,0.857131
271,0.857256
271.067,0.857397
271.133,0.857597
271.2,0.857879
271.267,0.858165
271.333,0.857236
271.4,0.857393
271.467,0.857283
271.533,0.85726
271.6,0.857013
271.667,0.856982
271.733,0.857495
271.8,0.857538
271.867,0.857511
271.933,0.857475
272,0.85746
272.067,0.85733
272.133,0.857326
272.2,0.85715
272.267,0.857217
272.333,0.857095
272.4,0.857201
272.467,0.857095
272.533,0.857413
272.6,0.857291
272.667,0.857052
272.733,0.857236
272.8,0.857248
272.867,0.857142
272.933,0.856758
273,0.858945
273.067,0.85911
273.133,0.858965
273.2,0.858976
273.267,0.859219
273.333,0.859023
273.4,0.859403
273.467,0.859603
273.533,0.859533
273.6,0.859588
273.667,0.859991
273.733,0.85976
273.8,0.859572
273.867,0.85985
273.933,0.860367
274,0.860336
274.067,0.86045
274.133,0.86052
274.2,0.860375
274.267,0.860262
274.333,0.860203
274.4,0.860058
274.467,0.860485
274.533,0.860524
274.6,0.86052
274.667,0.85927
274.733,0.85958
274.8,0.859588
274.867,0.859541
274.933,0.85929
275,0.859043
275.067,0.85898
275.133,0.858616
275.2,0.858357
275.267,0.858463
275.333,0.858659
275.4,0.85882
275.467,0.858882
275.533,0.858757
275.6,0.858577
275.667,0.858941
275.733,0.859047
275.8,0.858706
275.867,0.858706
275.933,0.85882
276,0.858483
276.067,0.85851
276.133,0.858439
276.2,0.858835
276.267,0.858788
276.333,0.859352
276.4,0.859035
276.467,0.859153
276.533,0.858635
276.6,0.858306
276.667,0.858051
276.733,0.857891
276.8,0.857671
276.867,0.857667
276.933,0.85697
277,0.856535
277.067,0.85686
277.133,0.856551
277.2,0.856417
277.267,0.8559
277.333,0.855786
277.4,0.855516
277.467,0.856049
277.533,0.85637
277.6,0.856645
277.667,0.855559
277.733,0.856104
277.8,0.855661
277.867,0.856731
277.933,0.855837
278,0.856092
278.067,0.856472
278.133,0.857405
278.2,0.857891
278.267,0.858412
278.333,0.859776
278.4,0.859925
278.467,0.860951
278.533,0.861425
278.6,0.862319
278.667,0.862969
278.733,0.863886
278.8,0.864713
278.867,0.865572
278.933,0.865301
279,0.865791
279.067,0.866124
279.133,0.86612
279.2,0.865572
279.267,0.865799
279.333,0.866289
279.4,0.866633
279.467,0.866951
279.533,0.86721
279.6,0.866763
279.667,0.866481
279.733,0.865956
279.8,0.866873
279.867,0.865838
279.933,0.866296
280,0.865873
280.067,0.865199
280.133,0.864933
280.2,0.863898
280.267,0.863608
280.333,0.863867
280.4,0.863765
280.467,0.865756
280.533,0.866622
280.6,0.867072
280.667,0.86788
280.733,0.866767
280.8,0.866751
280.867,0.8669
280.933,0.867762
281,0.867774
281.067,0.869134
281.133,0.870791
281.2,0.87143
281.267,0.870149
281.333,0.87065
281.4,0.870968
281.467,0.872531
281.533,0.873601
281.6,0.874252
281.667,0.875192
281.733,0.87627
281.8,0.876928
281.867,0.877567
281.933,0.87594
282,0.876497
282.067,0.876093
282.133,0.877234
282.2,0.877708
282.267,0.881317
282.333,0.883805
282.4,0.885577
282.467,0.88707
282.533,0.889672
282.6,0.890162
282.667,0.890812
282.733,0.888112
282.8,0.888234
282.867,0.885028
282.933,0.882073
283,0.881192
283.067,0.879217
283.133,0.87868
283.2,0.878021
283.267,0.875223
283.333,0.871869
283.4,0.870458
283.467,0.87025
283.533,0.870446
283.6,0.869145
283.667,0.86422
283.733,0.863024
283.8,0.863581
283.867,0.864415
283.933,0.866759
284,0.867358
284.067,0.851648
284.133,0.851327
284.2,0.849842
284.267,0.849912
284.333,0.851151
284.4,0.85222
284.467,0.854007
284.533,0.855175
284.6,0.855167
284.667,0.842086
284.733,0.848035
284.8,0.851538
284.867,0.856511
284.933,0.861955
285,0.864839
285.067,0.868103
285.133,0.871497
285.2,0.872359
285.267,0.87685
285.333,0.880228
285.4,0.879448
285.467,0.883084
285.533,0.884186
285.6,0.885251
285.667,0.885408
285.733,0.889668
285.8,0.889848
285.867,0.88783
285.933,0.886255
286,0.886678
286.067,0.884291
286.133,0.886067
286.2,0.861449
286.267,0.848208
286.333,0.821364
286.4,0.823794
286.467,0.824123
286.533,0.820631
286.6,0.821219
286.667,0.818429
286.733,0.816732
286.8,0.81701
286.867,0.817363
286.933,0.815647
287,0.814624
287.067,0.813217
287.133,0.813151
287.2,0.810533
287.267,0.812547
287.333,0.814017
287.4,0.813985
287.467,0.819146
287.533,0.821533
287.6,0.823578
287.667,0.824374
287.733,0.826427
287.8,0.828539
287.867,0.806062
287.933,0.803738
288,0.791668
288.067,0.791362
288.133,0.789199
288.2,0.771663
288.267,0.761929
288.333,0.753072
288.4,0.75502
288.467,0.748378
288.533,0.725508
288.6,0.72349
288.667,0.719089
288.733,0.716773
288.8,0.716338
288.867,0.713591
288.933,0.714128
289,0.712592
289.067,0.712102
289.133,0.708689
289.2,0.708246
289.267,0.708849
289.333,0.708406
289.4,0.708218
289.467,0.710358
289.533,0.710836
289.6,0.713626
289.667,0.699464
289.733,0.699413
289.8,0.699699
289.867,0.697089
289.933,0.696333
290,0.696803
290.067,0.698759
290.133,0.698312
290.2,0.697191
290.267,0.697258
290.333,0.693288
290.4,0.691223
290.467,0.689444
290.533,0.687292
290.6,0.686152
290.667,0.683354
290.733,0.680634
290.8,0.678898
290.867,0.67855
290.933,0.678318
291,0.675838
291.067,0.677284
291.133,0.675701
291.2,0.675622
291.267,0.673906
291.333,0.673248
291.4,0.674306
291.467,0.677284
291.533,0.674564
291.6,0.673012
291.667,0.671468
291.733,0.669721
291.8,0.668024
291.867,0.669779
291.933,0.653599
292,0.651988
292.067,0.654085
292.133,0.653191
292.2,0.650762
292.267,0.648603
292.333,0.645624
292.4,0.644108
292.467,0.64055
292.533,0.635459
292.6,0.634985
292.667,0.63183
292.733,0.625278
292.8,0.625137
292.867,0.619161
292.933,0.5984
293,0.596397
293.067,0.588979
293.133,0.582399
293.2,0.577266
293.267,0.56964
293.333,0.561908
293.4,0.558393
293.467,0.548506
293.533,0.540238
293.6,0.536127
293.667,0.527521
293.733,0.518587
293.8,0.514397
293.867,0.50984
293.933,0.501411
294,0.500051
294.067,0.495587
294.133,0.490282
294.2,0.48864
294.267,0.49819
294.333,0.499028
294.4,0.498585
294.467,0.510181
294.533,0.512756
294.6,0.511121
294.667,0.509515
294.733,0.523724
294.8,0.526996
294.867,0.528842
294.933,0.535625
295,0.539685
295.067,0.541938
295.133,0.543122
295.2,0.545575
295.267,0.552147
295.333,0.555239
295.4,0.553922
295.467,0.555427
295.533,0.556081
295.6,0.556289
295.667,0.560313
295.733,0.561744
295.8,0.563386
295.867,0.56799
295.933,0.573531
296,0.575103
296.067,0.583097
296.133,0.591495
296.2,0.59296
296.267,0.597534
296.333,0.60126
296.4,0.604724
296.467,0.610834
296.533,0.614682
296.6,0.619016
296.667,0.623617
296.733,0.627461
296.8,0.628691
296.867,0.631932
296.933,0.639844
297,0.640322
297.067,0.644312
297.133,0.645503
297.2,0.649359
297.267,0.649837
297.333,0.652435
297.4,0.654046
297.467,0.655676
297.533,0.653858
297.6,0.654469
297.667,0.655688
297.733,0.653321
297.8,0.655108
297.867,0.657714
297.933,0.662757
298,0.659583
298.067,0.668247
298.133,0.67583
298.2,0.680438
298.267,0.68926
298.333,0.693848
298.4,0.68181
298.467,0.68199
298.533,0.681598
298.6,0.658544
298.667,0.653219
298.733,0.649578
298.8,0.645119
298.867,0.615666
298.933,0.610951
299,0.607248
299.067,0.603028
299.133,0.580452
299.2,0.575165
299.267,0.570016
299.333,0.56692
299.4,0.564988
299.467,0.561238
299.533,0.558746
299.6,0.557413
299.667,0.549717
299.733,0.554898
299.8,0.558867
299.867,0.564334
299.933,0.570142
300,0.573092
300.067,0.578477
300.133,0.58122
300.2,0.583124
300.267,0.60338
300.333,0.613001
300.4,0.614674
300.467,0.637661
300.533,0.642642
300.6,0.646486
300.667,0.670818
300.733,0.680384
300.8,0.68065
300.867,0.696752
300.933,0.701717
301,0.704402
301.067,0.71914
301.133,0.727726
301.2,0.732969
301.267,0.740168
301.333,0.742844
301.4,0.745991
301.467,0.748515
301.533,0.747743
301.6,0.747982
301.667,0.774081
301.733,0.781855
301.8,0.787048
301.867,0.797111
301.933,0.819013
302,0.824433
302.067,0.836271
302.133,0.843928
302.2,0.846076
302.267,0.850998
302.333,0.852706
302.4,0.854258
302.467,0.855124
302.533,0.852604
302.6,0.850837
302.667,0.847083
302.733,0.843
302.8,0.841044
302.867,0.835025
302.933,0.831314
303,0.820996
303.067,0.821921
303.133,0.819252
303.2,0.818523
303.267,0.81801
303.333,0.820361
303.4,0.819515
303.467,0.818676
303.533,0.820835
303.6,0.819965
303.667,0.819605
303.733,0.817398
303.8,0.816235
303.867,0.762089
303.933,0.749287
304,0.746316
304.067,0.741794
304.133,0.744596
304.2,0.742586
304.267,0.745909
304.333,0.679521
304.4,0.682171
304.467,0.679212
304.533,0.681112
304.6,0.680768
304.667,0.673859
304.733,0.617449
304.8,0.616434
304.867,0.609544
304.933,0.602937
305,0.598231
305.067,0.593678
305.133,0.587255
305.2,0.58033
305.267,0.574092
305.333,0.570678
305.4,0.567857
305.467,0.562892
305.533,0.565643
305.6,0.568002
305.667,0.567492
305.733,0.56683
305.8,0.568527
305.867,0.56888
305.933,0.566454
306,0.568621
306.067,0.567042
306.133,0.589132
306.2,0.596084
306.267,0.602381
306.333,0.604603
306.4,0.607895
306.467,0.606629
306.533,0.60398
306.6,0.6026
306.667,0.602373
306.733,0.601664
306.8,0.599595
306.867,0.597902
306.933,0.594685
307,0.597016
307.067,0.596628
307.133,0.595848
307.2,0.596088
307.267,0.592063
307.333,0.589046
307.4,0.58785
307.467,0.583602
307.533,0.578445
307.6,0.575863
307.667,0.565952
307.733,0.564185
307.8,0.55777
307.867,0.550971
307.933,0.540931
308,0.526032
308.067,0.518242
308.133,0.511552
308.2,0.506474
308.267,0.447885
308.333,0.435878
308.4,0.431743
308.467,0.423718
308.533,0.423103
308.6,0.421018
308.667,0.425626
308.733,0.43083
308.8,0.43449
308.867,0.439871
308.933,0.447994
309,0.450761
309.067,0.453387
309.133,0.45613
309.2,0.453457
309.267,0.47829
309.333,0.499005
309.4,0.503707
309.467,0.512587
309.533,0.527169
309.6,0.53135
309.667,0.528865
309.733,0.539266
309.8,0.542883
309.867,0.545724
309.933,0.549866
310,0.551273
310.067,0.554024
310.133,0.554933
310.2,0.557653
310.267,0.562049
310.333,0.556779
310.4,0.558119
310.467,0.55391
310.533,0.551723
310.6,0.550469
310.667,0.523144
310.733,0.519225
310.8,0.515397
310.867,0.511251
310.933,0.507175
311,0.504804
311.067,0.500106
311.133,0.495407
311.2,0.497488
311.267,0.491061
311.333,0.475112
311.4,0.474085
311.467,0.471131
311.533,0.470946
311.6,0.466471
311.667,0.456604
311.733,0.416464
311.8,0.410668
311.867,0.405727
311.933,0.396232
312,0.364917
312.067,0.348948
312.133,0.340409
312.2,0.336087
312.267,0.33247
312.333,0.309871
312.4,0.30875
312.467,0.308922
312.533,0.309835
312.6,0.312108
312.667,0.318237
312.733,0.321164
312.8,0.321125
312.867,0.32091
312.933,0.320949
313,0.317786
313.067,0.317512
313.133,0.316611
313.2,0.319824
313.267,0.325087
313.333,0.328285
313.4,0.327587
313.467,0.328504
313.533,0.332329
313.6,0.330538
313.667,0.333936
313.733,0.332235
313.8,0.330887
313.867,0.331992
313.933,0.336553
314,0.338987
314.067,0.352985
314.133,0.365419
314.2,0.366888
314.267,0.391855
314.333,0.400264
314.4,0.405296
314.467,0.41753
314.533,0.44254
314.6,0.451157
314.667,0.469414
314.733,0.476064
314.8,0.480837
314.867,0.482033
314.933,0.483968
315,0.484846
315.067,0.477522
315.133,0.480214
315.2,0.480199
315.267,0.481778
315.333,0.463614
315.4,0.459704
315.467,0.456106
315.533,0.452654
315.6,0.449229
315.667,0.446321
315.733,0.439863
315.8,0.43411
315.867,0.428769
315.933,0.418717
316,0.415026
316.067,0.398426
316.133,0.391231
316.2,0.387912
316.267,0.384726
316.333,0.37489
316.4,0.359345
316.467,0.352491
316.533,0.345135
316.6,0.341444
316.667,0.31973
316.733,0.308401
316.8,0.304565
316.867,0.292268
316.933,0.273524
317,0.269394
317.067,0.256203
317.133,0.248001
317.2,0.245329
317.267,0.234305
317.333,0.223172
317.4,0.217349
317.467,0.205362
317.533,0.195326
317.6,0.190224
317.667,0.179032
317.733,0.167303
317.8,0.162722
317.867,0.155535
317.933,0.148767
318,0.143641
318.067,0.136129
318.133,0.126321
318.2,0.123103
318.267,0.115626
318.333,0.106891
318.4,0.103917
318.467,0.095872
318.533,0.0874075
318.6,0.0846487
318.667,0.077544
318.733,0.0694793
318.8,0.0663991
318.867,0.0597412
318.933,0.0531891
319,0.0495486
319.067,0.0413192
319.133,0.0354764
319.2,0.0323727
319.267,0.026957
319.333,0.0240101
319.4,0.0221409
319.467,0.0191391
319.533,0.0157455
319.6,0.0140017
319.667,0.0114741
319.733,0.00994185
319.8,0.00979293
319.867,0.00975767
319.933,0.00963618
320,0.00960875
320.067,0.00940106
320.133,0.00925998
320.2,0.00916985
320.267,0.00886811
320.333,0.00893473
320.4,0.00913459
320.467,0.00921688
320.533,0.00956173
320.6,0.00967145
320.667,0.00980469
320.733,0.0098478
320.8,0.00993401
320.867,0.00971456
320.933,0.00983996
321,0.00999279
321.067,0.0102593
321.133,0.0102789
321.2,0.0102514
321.267,0.0100555
321.333,0.0100751
321.4,0.0100751
321.467,0.0101221
321.533,0.0104709
321.6,0.0106394
321.667,0.0110783
321.733,0.0112037
321.8,0.0111449
321.867,0.0112115
321.933,0.0108353
322,0.0107922
322.067,0.0107491
322.133,0.0107099
322.2,0.010753
322.267,0.0132062
322.333,0.0131395
322.4,0.0128456
322.467,0.0129436
322.533,0.0129005
322.6,0.0125831
322.667,0.0123911
322.733,0.0122853
322.8,0.0119953
322.867,0.0120109
322.933,0.011576
323,0.011333
323.067,0.0110195
323.133,0.0107922
323.2,0.0105532
323.267,0.0106825
323.333,0.0103925
323.4,0.0101495
323.467,0.0100672
323.533,0.00988698
323.6,0.00948335
323.667,0.00962443
323.733,0.00954213
323.8,0.00956173
323.867,0.00906013
323.933,0.00915026
324,0.00839786
324.067,0.00830381
324.133,0.00833124
324.2,0.00840962
324.267,0.00828814
324.333,0.00823719
324.4,0.00761803
324.467,0.00764546
324.533,0.00755141
324.6,0.00757885
324.667,0.00755533
324.733,0.00761411
324.8,0.00741426
324.867,0.00703806
324.933,0.0069636
325,0.00709684
325.067,0.00703022
325.133,0.00696752
325.2,0.00686563
325.267,0.0066697
325.333,0.0065874
325.4,0.00650119
325.467,0.00641498
325.533,0.00644241
325.6,0.00592122
325.667,0.00581541
325.733,0.00579974
325.8,0.00587419
325.867,0.00588203
325.933,0.00586244
326,0.00590946
326.067,0.00582325
326.133,0.00579974
326.2,0.00580366
326.267,0.00569393
326.333,0.00570177
326.4,0.00571352
326.467,0.00517666
326.533,0.00512179
326.6,0.00522368
326.667,0.00581149
326.733,0.00599175
326.8,0.00637579
326.867,0.00677942
326.933,0.00673632
327,0.00661483
327.067,0.00671672
327.133,0.00655605
327.2,0.00646592
327.267,0.00651687
327.333,0.00648944
327.4,0.00661483
327.467,0.00697536
327.533,0.00712819
327.6,0.00712427
327.667,0.0071086
327.733,0.00916594
327.8,0.0178851
327.867,0.0271412
327.933,0.0318398
328,0.0395636
328.067,0.0426202
328.133,0.0439448
328.2,0.0463038
328.267,0.0484356
328.333,0.0495721
328.4,0.0563358
328.467,0.0677158
328.533,0.0745854
328.6,0.0847859
328.667,0.094426
328.733,0.0987993
328.8,0.104113
328.867,0.107381
328.933,0.108196
329,0.109541
329.067,0.113013
329.133,0.113918
329.2,0.116022
329.267,0.119674
329.333,0.121336
329.4,0.125133
329.467,0.125741
329.533,0.126274
329.6,0.128182
329.667,0.12895
329.733,0.127865
329.8,0.126583
329.867,0.124314
329.933,0.122304
330,0.118671
330.067,0.113154
330.133,0.111214
330.2,0.106962
330.267,0.102608
330.333,0.100688
330.4,0.0956957
330.467,0.0924
330.533,0.0914086
330.6,0.0894609
330.667,0.0868707
330.733,0.0840688
330.8,0.0768269
330.867,0.069009
330.933,0.0655213
331,0.0591534
331.067,0.0580797
331.133,0.0599842
331.2,0.0631074
331.267,0.0673867
331.333,0.0689934
331.4,0.0709841
331.467,0.0733001
331.533,0.0768779
331.6,0.0817253
331.667,0.0869529
331.733,0.0892297
331.8,0.0933444
331.867,0.0940341
331.933,0.0937598
332,0.0945279
332.067,0.0954017
332.133,0.0966244
332.2,0.0969692
332.267,0.0975218
332.333,0.0990854
332.4,0.0998064
332.467,0.10048
332.533,0.10184
332.6,0.101006
332.667,0.101127
332.733,0.101272
332.8,0.102103
332.867,0.101723
332.933,0.102071
333,0.102851
333.067,0.103423
333.133,0.103243
333.2,0.105018
333.267,0.103337
333.333,0.101613
333.4,0.0973376
333.467,0.0935795
333.533,0.0919062
333.6,0.0899469
333.667,0.0881678
333.733,0.0867844
333.8,0.0850249
333.867,0.0814667
333.933,0.078896
334,0.073253
334.067,0.0673122
334.133,0.0634131
334.2,0.0573233
334.267,0.0511278
334.333,0.0481888
334.4,0.0418561
334.467,0.0359427
334.533,0.0329723
334.6,0.0282698
334.667,0.0283874
334.733,0.027972
334.8,0.028066
334.867,0.0260557
334.933,0.0247978
335,0.0219097
335.067,0.0196878
335.133,0.0188413
335.2,0.0179008
335.267,0.0184181
335.333,0.0186179
335.4,0.0194056
335.467,0.0199268
335.533,0.0200483
335.6,0.0205068
335.667,0.0209888
335.733,0.0211847
335.8,0.0213258
335.867,0.0220821
335.933,0.0223211
336,0.0227013
336.067,0.0226973
336.133,0.0229403
336.2,0.0231676
336.267,0.0235673
336.333,0.02392
336.4,0.0268473
336.467,0.0315537
336.533,0.0345202
336.6,0.0425771
336.667,0.0505988
336.733,0.0556461
336.8,0.0663874
336.867,0.0768112
336.933,0.0819761
337,0.0926782
337.067,0.10456
337.133,0.110344
337.2,0.123033
337.267,0.141855
337.333,0.149061
337.4,0.162816
337.467,0.177327
337.533,0.186497
337.6,0.201388
337.667,0.216718
337.733,0.224356
337.8,0.24047
337.867,0.259856
337.933,0.269198
338,0.285833
338.067,0.302664
338.133,0.308554
338.2,0.318852
338.267,0.32725
338.333,0.331204
338.4,0.336475
338.467,0.338873
338.533,0.339837
338.6,0.337929
338.667,0.336447
338.733,0.335092
338.8,0.331502
338.867,0.327724
338.933,0.327501
339,0.324197
339.067,0.312539
339.133,0.311908
339.2,0.305991
339.267,0.29244
339.333,0.289646
339.4,0.282075
339.467,0.270671
339.533,0.267646
339.6,0.260882
339.667,0.255318
339.733,0.251426
339.8,0.244161
339.867,0.237542
339.933,0.233079
340,0.22494
340.067,0.215699
340.133,0.212615
340.2,0.201901
340.267,0.192324
340.333,0.187716
340.4,0.174694
340.467,0.165434
340.533,0.158008
340.6,0.143986
340.667,0.130894
340.733,0.125713
340.8,0.112103
340.867,0.0990814
340.933,0.094861
341,0.0828735
341.067,0.072195
341.133,0.0682919
341.2,0.0548859
341.267,0.0443131
341.333,0.0406765
341.4,0.0322434
341.467,0.0248095
341.533,0.0214394
341.6,0.0153889
341.667,0.00891905
341.733,0.00744953
341.8,0.00709684
341.867,0.00709684
341.933,0.00708508
342,0.00711251
342.067,0.00715562
342.133,0.0071086
342.2,0.00708116
342.267,0.0074848
342.333,0.00746912
342.4,0.00741426
342.467,0.00736723
342.533,0.00728886
342.6,0.00728102
342.667,0.00729278
342.733,0.00732021
342.8,0.00722224
342.867,0.00720656
342.933,0.00718305
343,0.00716738
343.067,0.00718305
343.133,0.00717913
343.2,0.00716738
343.267,0.0071517
343.333,0.0071517
343.4,0.00713603
343.467,0.00713995
343.533,0.00713211
343.6,0.00712819
343.667,0.00713211
343.733,0.0071086
343.8,0.00713211
343.867,0.00712427
343.933,0.0073594
344,0.00728494
344.067,0.00724575
344.133,0.00730453
344.2,0.00728886
344.267,0.00723791
344.333,0.00722224
344.4,0.00718305
344.467,0.00719089
344.533,0.00718305
344.6,0.00718697
344.667,0.00718305
344.733,0.00711251
344.8,0.00711251
344.867,0.00710076
344.933,0.00707333
345,0.00704982
345.067,0.00701455
345.133,0.00701455
345.2,0.00703022
345.267,0.00704198
345.333,0.00702238
345.4,0.00703414
345.467,0.00703022
345.533,0.00703806
345.6,0.00741818
345.667,0.00739858
345.733,0.00738683
345.8,0.00737899
345.867,0.0073594
345.933,0.00734764
346,0.00735548
346.067,0.00730453
346.133,0.00729278
346.2,0.00728494
346.267,0.007234
346.333,0.00734764
346.4,0.00730453
346.467,0.00724575
346.533,0.00725359
346.6,0.00726926
346.667,0.00722616
346.733,0.007234
346.8,0.00726926
346.867,0.00726535
346.933,0.007234
347,0.00719089
347.067,0.00714778
347.133,0.00712819
347.2,0.00711643
347.267,0.00712427
347.333,0.00710076
347.4,0.00711251
347.467,0.00711251
347.533,0.00710468
347.6,0.007089
347.667,0.00708116
347.733,0.00708508
347.8,0.00708116
347.867,0.00708116
347.933,0.00706549
348,0.00740642
348.067,0.00737899
348.133,0.00730453
348.2,0.00725751
348.267,0.00709292
348.333,0.00704982
348.4,0.00704982
348.467,0.00708116
348.533,0.00706549
348.6,0.007089
348.667,0.00706549
348.733,0.00696752
348.8,0.00695968
348.867,0.00693617
348.933,0.00693225
349,0.00690874
349.067,0.00692442
349.133,0.00693617
349.2,0.00695185
349.267,0.00695577
349.333,0.00694401
349.4,0.00694401
349.467,0.00692833
349.533,0.00691266
349.6,0.00691266
349.667,0.00705373
349.733,0.00706941
349.8,0.00703414
349.867,0.00702238
349.933,0.00703806
350,0.00703022
350.067,0.00709292
350.133,0.0070263
350.2,0.0070263
350.267,0.00703414
350.333,0.00704198
350.4,0.00704198
350.467,0.0109607
350.533,0.0192175
350.6,0.023387
350.667,0.0324433
350.733,0.0399516
350.8,0.0440427
350.867,0.0505518
350.933,0.0551328
351,0.0563711
351.067,0.0587968
351.133,0.0612852
351.2,0.0618691
351.267,0.0647807
351.333,0.0661758
351.4,0.0669948
351.467,0.0686211
351.533,0.0695537
351.6,0.0696282
351.667,0.0709997
351.733,0.0714151
351.8,0.0720382
351.867,0.072869
351.933,0.0736371
352,0.0739349
352.067,0.0742993
352.133,0.0752046
352.2,0.07533
352.267,0.0750282
352.333,0.0757571
352.4,0.0758982
352.467,0.0765957
352.533,0.0806986
352.6,0.0847663
352.667,0.0934855
352.733,0.103337
352.8,0.108761
352.867,0.118859
352.933,0.126693
353,0.130894
353.067,0.137321
353.133,0.145166
353.2,0.147482
353.267,0.153109
353.333,0.157612
353.4,0.159779
353.467,0.163161
353.533,0.172969
353.6,0.174247
353.667,0.178648
353.733,0.181395
353.8,0.182178
353.867,0.184957
353.933,0.187535
354,0.188084
354.067,0.188683
354.133,0.190122
354.2,0.18955
354.267,0.188977
354.333,0.188123
354.4,0.188405
354.467,0.186614
354.533,0.185815
354.6,0.184122
354.667,0.18382
354.733,0.181418
354.8,0.180877
354.867,0.178193
354.933,0.175756
355,0.175281
355.067,0.173718
355.133,0.172601
355.2,0.173961
355.267,0.176955
355.333,0.182543
355.4,0.18585
355.467,0.18873
355.533,0.194119
355.6,0.197171
355.667,0.202493
355.733,0.206271
355.8,0.20649
355.867,0.208015
355.933,0.208316
356,0.208414
356.067,0.210064
356.133,0.211471
356.2,0.210946
356.267,0.212415
356.333,0.213803
356.4,0.214626
356.467,0.214966
356.533,0.215115
356.6,0.21526
356.667,0.217529
356.733,0.221507
356.8,0.224168
356.867,0.231907
356.933,0.240403
357,0.243358
357.067,0.251857
357.133,0.259436
357.2,0.262591
357.267,0.268606
357.333,0.274422
357.4,0.276757
357.467,0.279716
357.533,0.276126
357.6,0.276416
357.667,0.277396
357.733,0.279167
357.8,0.279771
357.867,0.276052
357.933,0.276467
358,0.273642
358.067,0.275836
358.133,0.276988
358.2,0.277427
358.267,0.278724
358.333,0.280456
358.4,0.281448
358.467,0.282659
358.533,0.285676
358.6,0.2853
358.667,0.28706
358.733,0.288082
358.8,0.288823
358.867,0.288843
358.933,0.288984
359,0.2905
359.067,0.295018
359.133,0.301316
359.2,0.303526
359.267,0.30862
359.333,0.312316
359.4,0.313025
359.467,0.317085
359.533,0.31971
359.6,0.3208
359.667,0.321227
359.733,0.322105
359.8,0.322093
359.867,0.319997
359.933,0.319025
360,0.317673
360.067,0.317559
360.133,0.317888
360.2,0.318037
360.267,0.317602
360.333,0.318029
360.4,0.318946
360.467,0.321082
360.533,0.322767
360.6,0.323253
360.667,0.324174
360.733,0.324726
360.8,0.324785
360.867,0.325933
360.933,0.327136
361,0.327195
361.067,0.330111
361.133,0.337682
361.2,0.341307
361.267,0.348341
361.333,0.355975
361.4,0.359298
361.467,0.365376
361.533,0.370725
361.6,0.372719
361.667,0.376293
361.733,0.378735
361.8,0.379268
361.867,0.381051
361.933,0.382716
362,0.383214
362.067,0.387183
362.133,0.391592
362.2,0.393759
362.267,0.399116
362.333,0.404073
362.4,0.406487
362.467,0.411801
362.533,0.417738
362.6,0.420595
362.667,0.426653
362.733,0.432229
362.8,0.434737
362.867,0.440525
362.933,0.446384
363,0.443468
363.067,0.448347
363.133,0.453739
363.2,0.45573
363.267,0.460331
363.333,0.464998
363.4,0.465907
363.467,0.467318
363.533,0.469018
363.6,0.468768
363.667,0.467768
363.733,0.468783
363.8,0.468666
363.867,0.468039
363.933,0.467318
364,0.466989
364.067,0.466985
364.133,0.469242
364.2,0.46972
364.267,0.468944
364.333,0.468435
364.4,0.468619
364.467,0.467427
364.533,0.467412
364.6,0.467804
364.667,0.467729
364.733,0.466554
364.8,0.466495
364.867,0.465621
364.933,0.464316
365,0.463963
365.067,0.463442
365.133,0.464151
365.2,0.465985
365.267,0.467729
365.333,0.471668
365.4,0.473956
365.467,0.47898
365.533,0.483067
365.6,0.485081
365.667,0.489847
365.733,0.494196
365.8,0.496763
365.867,0.501846
365.933,0.506391
366,0.509397
366.067,0.513426
366.133,0.516749
366.2,0.519555
366.267,0.522545
366.333,0.531393
366.4,0.532776
366.467,0.53548
366.533,0.537945
366.6,0.541594
366.667,0.546218
366.733,0.551586
366.8,0.556524
366.867,0.563096
366.933,0.566528
367,0.568598
367.067,0.571399
367.133,0.578684
367.2,0.581079
367.267,0.5847
367.333,0.588148
367.4,0.589876
367.467,0.593031
367.533,0.596264
367.6,0.596233
367.667,0.598208
367.733,0.600371
367.8,0.600571
367.867,0.602824
367.933,0.606539
368,0.618824
368.067,0.623609
368.133,0.628307
368.2,0.630055
368.267,0.634769
368.333,0.640064
368.4,0.642168
368.467,0.648027
368.533,0.663027
368.6,0.66773
368.667,0.678789
368.733,0.686074
368.8,0.690059
368.867,0.696807
368.933,0.703183
369,0.708826
369.067,0.713952
369.133,0.719638
369.2,0.722212
369.267,0.72675
369.333,0.731472
369.4,0.734607
369.467,0.736919
369.533,0.741253
369.6,0.743938
369.667,0.7606
369.733,0.762571
369.8,0.764456
369.867,0.768073
369.933,0.770652
370,0.773042
370.067,0.777169
370.133,0.780958
370.2,0.781801
370.267,0.78503
370.333,0.788815
370.4,0.789136
370.467,0.791641
370.533,0.793298
370.6,0.794529
370.667,0.796077
370.733,0.797789
370.8,0.798091
370.867,0.799031
370.933,0.800481
371,0.799823
371.067,0.800493
371.133,0.799842
371.2,0.799788
371.267,0.799666
371.333,0.799913
371.4,0.801214
371.467,0.801598
371.533,0.802147
371.6,0.801845
371.667,0.802648
371.733,0.803554
371.8,0.803001
371.867,0.802707
371.933,0.80333
372,0.803479
372.067,0.803945
372.133,0.803432
372.2,0.804145
372.267,0.805325
372.333,0.805532
372.4,0.805399
372.467,0.8073
372.533,0.808193
372.6,0.809334
372.667,0.810525
372.733,0.810964
372.8,0.812288
372.867,0.812257
372.933,0.812888
373,0.826415
373.067,0.826419
373.133,0.826831
373.2,0.826937
373.267,0.827211
373.333,0.827548
373.4,0.828351
373.467,0.82879
373.533,0.829782
373.6,0.830299
373.667,0.831106
373.733,0.831831
373.8,0.83111
373.867,0.831921
373.933,0.831686
374,0.832713
374.067,0.83323
374.133,0.83519
374.2,0.83584
374.267,0.836024
374.333,0.835382
374.4,0.837239
374.467,0.839241
374.533,0.840464
374.6,0.839406
374.667,0.862828
374.733,0.861614
374.8,0.861077
374.867,0.861261
374.933,0.863859
375,0.864674
375.067,0.863416
375.133,0.862542
375.2,0.861947
375.267,0.861394
375.333,0.85994
375.4,0.859129
375.467,0.857985
375.533,0.857021
375.6,0.857091
375.667,0.856692
375.733,0.861183
375.8,0.86632
375.867,0.869094
375.933,0.869247
376,0.871681
376.067,0.87241
376.133,0.874338
376.2,0.882175
376.267,0.886035
376.333,0.901538
376.4,0.901455
376.467,0.901581
376.533,0.901777
376.6,0.902114
376.667,0.902318
376.733,0.902463
376.8,0.902
376.867,0.901867
376.933,0.901444
377,0.90151
377.067,0.90173
377.133,0.901444
377.2,0.901146
377.267,0.901064
377.333,0.90084
377.4,0.900813
377.467,0.900911
377.533,0.900672
377.6,0.90044
377.667,0.90039
377.733,0.89999
377.8,0.900331
377.867,0.900362
377.933,0.900315
378,0.900809
378.067,0.900115
378.133,0.900527
378.2,0.900969
378.267,0.901671
378.333,0.9018
378.4,0.90182
378.467,0.901585
378.533,0.90144
378.6,0.901499
378.667,0.901424
378.733,0.901581
378.8,0.901796
378.867,0.901651
378.933,0.900703
379,0.900393
379.067,0.899947
379.133,0.900135
379.2,0.900002
379.267,0.899935
379.333,0.899782
379.4,0.899915
379.467,0.900033
379.533,0.899723
379.6,0.899582
379.667,0.897556
379.733,0.897948
379.8,0.898446
379.867,0.898516
379.933,0.899124
380,0.898979
380.067,0.899923
380.133,0.90039
380.2,0.899755
380.267,0.899817
380.333,0.899704
380.4,0.899335
380.467,0.899488
380.533,0.899911
380.6,0.899888
380.667,0.899849
380.733,0.899966
380.8,0.89999
380.867,0.900339
380.933,0.901091
381,0.901581
381.067,0.901612
381.133,0.901804
381.2,0.902169
381.267,0.901918
381.333,0.901604
381.4,0.901404
381.467,0.901573
381.533,0.901573
381.6,0.901487
381.667,0.901702
381.733,0.901632
381.8,0.901722
381.867,0.901988
381.933,0.901589
382,0.901534
382.067,0.901585
382.133,0.90171
382.2,0.901773
382.267,0.901824
382.333,0.901761
382.4,0.901886
382.467,0.902051
